,LQ Code New,LQ Name,Density Lower Limit,Density Upper Limit,pH Lower Limit,pH Upper Limit,Spindle,Speed,Viscosity Lower Limit,Viscosity Upper Limit,Odor,Appearance,Color Lower Limit,Color Upper Limit,Clarity Lower Limit,Clarity Upper Limit,Liquid Item Status,Solids Lower Limit,Solids Upper Limit,FH First Reading Lower Limit,FH First Reading Upper Limit,FH Second Reading Lower Limit,FH Second Reading Upper Limit,Assumed Density (lb/gal),Comments,Density Ref Only,RAC LSL,RAC USL,RYM LSL,RYM USL,PATH LSL,PATH USL,Viscosity Data Collection Setting,Viscosity Averaging Time (min),End Condition (min),F36,F37,F38,F39,ReviewedDate,ReviewedBy
0,CL-BL1-MX,Blue #1 Color Mix,,,,,N/A,N/A,,,Odorless,Water Thin,N/A,Blue,Clear,Clear,F,,,N/A,N/A,N/A,N/A,8.3,,,0.0,100.0,0.0,10.0,0.0,10.0,single point avg,1.0,2.0,,,,,,
1,CL-BR-MX227-MX,Brown MX227 Color Mix,,,,,N/A,N/A,,,N/A,Liquid,N/A,Brown,Clear,Clear,P,,,N/A,N/A,N/A,N/A,8.3,,,0.0,100.0,0.0,10.0,0.0,10.0,single point avg,1.0,2.0,,,,,,
2,CL-RD33-MX,Red 33 Color Mix,,,,,N/A,N/A,,,N/A,Liquid,Pink,Red,Clear,Clear,P,,,N/A,N/A,N/A,N/A,8.3,,,0.0,100.0,0.0,10.0,0.0,10.0,single point avg,1.0,2.0,,,,,,
3,CL-RD4-MX,Red #4  Color Mix,,,,,N/A,N/A,,,N/A,Liquid,N/A,Red,Clear,Clear,P,,,N/A,N/A,N/A,N/A,8.3,,,0.0,100.0,0.0,10.0,0.0,10.0,single point avg,1.0,2.0,,,,,,
4,CL-VL2-MX,Violet #2 Color Mix,,,,,N/A,N/A,,,Odorless,Water Thin,N/A,Violet,Clear,Clear,F,,,N/A,N/A,N/A,N/A,8.3,,,0.0,100.0,0.0,10.0,0.0,10.0,single point avg,1.0,2.0,,,,,,
5,CL-YL10-MX,Yellow #10 Color Mix,,,,,N/A,N/A,,,N/A,Liquid,Yellow,Orange,Clear,Clear,P,,,N/A,N/A,N/A,N/A,8.3,,,0.0,100.0,0.0,10.0,0.0,10.0,single point avg,1.0,2.0,,,,,,
6,CL-YL5-MX,Yellow 5 Color Mix,,,,,N/A,N/A,,,N/A,Liquid,N/A,Yellow,Clear,Clear,P,,,N/A,N/A,N/A,N/A,8.3,,,0.0,100.0,0.0,10.0,0.0,10.0,single point avg,1.0,2.0,,,,,,
7,CM-ALEX,CM Aloe Extract,,,3.0,5.0,N/A,N/A,,,N/A,N/A,N/A,N/A,N/A,N/A,F,,,N/A,N/A,N/A,N/A,8.3,,,0.0,100.0,0.0,10.0,0.0,10.0,single point avg,1.0,2.0,,,,,,
8,CM-SPEX,SPA Extracts,,,4.5,6.5,N/A,N/A,,,N/A,N/A,N/A,N/A,N/A,N/A,F,,,N/A,N/A,N/A,N/A,,,,0.0,100.0,0.0,10.0,0.0,10.0,single point avg,1.0,2.0,,,,,,
9,LQCD-DM,LQ DMAT Conditioner,8.2011,8.3511,6.0,8.0,LV64,40,6900.0,12800.0,"Fruity, Gormand",Conditioner,N/A,White,Opaque,Opaque,P,8.03,9.81,N/A,N/A,N/A,N/A,8.2761,8/23/2023 8:10,,0.0,100.0,0.0,10.0,0.0,10.0,single point avg,1.0,2.0,,,,,,
10,LQCD-KW,LQ Kiwi and Cocoa Butter Conditioner,8.1896,8.3396,6.0,8.0,LV64,60,1400.0,6400.0,"Gormand, Cocoa",Conditioner,N/A,White,Opaque,Opaque,P,7.81,9.55,N/A,N/A,N/A,N/A,8.264600000000002,8/23/2023 8:12,,0.0,100.0,0.0,10.0,0.0,10.0,single point avg,1.0,2.0,,,,,2024-08-09,Sophie Bonham
11,LQCD-LM,LQ Lime and Cocoa Butter Conditioner,7.0,8.25,5.0,7.5,LV64,80,1600.0,3550.0,"Fruity, Lime",Conditioner,N/A,White,Opaque,Opaque,P,5.69,6.95,N/A,N/A,N/A,N/A,7.964,8/23/2023 8:13,,0.0,100.0,0.0,10.0,0.0,10.0,single point avg,1.0,2.0,,,,,,
12,LQCD-MT,LQ Conditioner Medicated Treatment,8.06,8.3803,4.0,5.0,LV64,60,2100.0,5700.0,"Fruity, Gourmand",Viscous,Off White,Tan,N/A,Opaque,P,8.83,10.83,N/A,N/A,N/A,N/A,8.2203,,,0.0,100.0,0.0,10.0,0.0,10.0,single point avg,1.0,2.0,,,,,,
13,LQCD-MT-R2,LQ OxyMed Medicated Treatment R2,8.1957,8.48,3.5,5.0,LV64,60,2100.0,5700.0,"Fruity, Gormand",Conditioner,N/A,Tan,Opaque,Opaque,P,8.36,10.22,N/A,N/A,N/A,N/A,8.270700000000001,8/23/2023 8:11,,0.0,100.0,0.0,10.0,0.0,10.0,single point avg,1.0,2.0,,,,,,
14,LQCD-NR,LQ Spa Nourish Conditioner,8.131,8.281,6.0,8.0,LV64,40,1600.0,16600.0,Floral,Conditioner,N/A,Light Yellow,Opaque,Opaque,P,7.52,9.2,N/A,N/A,N/A,N/A,8.206,8/23/2023 8:12,,0.0,100.0,0.0,10.0,0.0,10.0,single point avg,1.0,2.0,,,,,,
15,LQCD-PSLS,LQ Prostyle Lustrous Conditioner,8.1451,8.2951,6.0,8.0,LV64,80,1300.0,3200.0,Characteristic,Conditioner,N/A,White,Opaque,Opaque,P,6.66,8.14,N/A,N/A,N/A,N/A,8.220099999999999,8/23/2023 8:12,,0.0,100.0,0.0,10.0,0.0,10.0,single point avg,1.0,2.0,,,,,,
16,LQCD-PSLS-RT,LQ PL Lustrous Coat Conditioner RT,8.1,8.42,4.0,6.5,LV63,12,2000.0,6500.0,Odorless,Viscous,White,Off White,N/A,Opaque,F,3.60,5.40,N/A,N/A,N/A,N/A,8.26,,,0.0,100.0,0.0,10.0,0.0,10.0,single point avg,1.0,2.0,,,,,,
17,LQCD-PSMS,LQ Prostyle Moisturizing Conditioner,8.2011,8.3511,6.0,8.0,LV64,80,1200.0,4300.0,Characteristic,Conditioner,N/A,White,Opaque,Opaque,P,6.26,7.66,N/A,N/A,N/A,N/A,8.2761,8/23/2023 8:11,,0.0,100.0,0.0,10.0,0.0,10.0,single point avg,1.0,2.0,,,,,2024-08-09,Sophie Bonham
18,LQCD-PSMS-PM,LQ PL Moisturizing Conditioner PM,7.98,8.3,4.0,6.5,LV63,12,2300.0,6000.0,Odorless,Viscous,White,Off White,N/A,Opaque,P,3.60,5.40,N/A,N/A,N/A,N/A,8.14,,,0.0,100.0,0.0,10.0,0.0,10.0,single point avg,1.0,2.0,,,,,,
19,LQCD-PSMS-RT,LQ PL Moisturizing Conditioner RT,7.97,8.29,4.5,6.5,LV63,12,2000.0,8500.0,Odorless,Viscous,White,Off White,N/A,Opaque,F,3.08,4.62,N/A,N/A,N/A,N/A,8.35,,,0.0,100.0,0.0,10.0,0.0,10.0,single point avg,1.0,2.0,,,,,,
20,LQCD-PSSR,LQ Prostyle Shed Reducing Conditioner,8.2159,8.3659,6.0,8.0,LV64,60,750.0,6200.0,Characteristic,Conditioner,N/A,White,Opaque,Opaque,P,5.02,6.14,N/A,N/A,N/A,N/A,8.2909,8/23/2023 8:12,,0.0,100.0,0.0,10.0,0.0,10.0,single point avg,1.0,2.0,,,,,,
21,LQCD-PSSR-PM,LQ PL Shed Reducing Conditioner PM,8.06,8.38,4.0,6.5,LV63,12,2300.0,5200.0,Odorless,Viscous,White,Off White,N/A,Opaque,F,5.02,7.52,N/A,N/A,N/A,N/A,8.22,,,0.0,100.0,0.0,10.0,0.0,10.0,single point avg,1.0,2.0,,,,,,
22,LQCD-PSTR,LQ Prostyle Detangling Conditioner,8.1949,8.3449,6.0,8.0,LV64,60,1200.0,3000.0,Characteristic,Conditioner,N/A,White,Opaque,Opaque,P,5.86,7.16,N/A,N/A,N/A,N/A,8.2699,8/23/2023 8:11,,0.0,100.0,0.0,10.0,0.0,10.0,single point avg,1.0,2.0,,,,,,
23,LQCD-PSTR-PM,LQ PL Detangling Conditioner PM,8.11,8.43,4.0,6.5,LV63,12,2300.0,6200.0,Odorless,Viscous,White,Off White,N/A,Opaque,F,3.64,5.46,N/A,N/A,N/A,N/A,8.27,,,0.0,100.0,0.0,10.0,0.0,10.0,single point avg,1.0,2.0,,,,,,
24,LQCD-ST,LQ Conditioner Essentials - Shea Butter,7.54,7.88,5.0,7.0,LV63,12,3000.0,8000.0,"Floral, Musk",Thick Liquid,White,White,Opaque,Opaque,F,2.8,5.3,N/A,N/A,N/A,N/A,7.7153,,,0.0,100.0,0.0,10.0,0.0,10.0,single point avg,1.0,2.0,,,,,,
25,LQCD-ST-R2,LQ Conditioner Essentials Shea Butter R2,8.171,8.321,6.0,8.0,LV64,40,7100.0,13100.0,"Gormand, Sweet",Conditioner,N/A,White,Opaque,Opaque,P,6.94,8.48,N/A,N/A,N/A,N/A,8.245999999999999,8/23/2023 8:11,,0.0,100.0,0.0,10.0,0.0,10.0,single point avg,1.0,2.0,,,,,,
26,LQCD-TXLI,LQ Leave-In Conditioner Texture Theory,8.33,8.65,5.0,6.0,LV62,12,1000.0,1400.0,"Fresh, Berry",Viscous,N/A,White,N/A,Opaque,F,7,10,N/A,N/A,N/A,N/A,8.4962,,,0.0,100.0,0.0,10.0,0.0,10.0,single point avg,1.0,2.0,,,,,,
27,LQCD-TXMS,LQ CD Texture Theory Moisturizing,7.6,8.0,6.0,8.0,LV63,1.5,37000.0,55000.0,"Fruity, Berry",Thick Liquid,N/A,White,N/A,Opaque,F,6,9,N/A,N/A,N/A,N/A,8.19359,,,0.0,100.0,0.0,10.0,0.0,10.0,single point avg,1.0,2.0,,,,,,
28,LQCL-CT,LQ UO Cat & Kitten,,,6.0,9.0,N/A,N/A,,,"Fresh, Floral","Water thin, slight sedimentation",Colorless,Pale Yellow,N/A,Slightly Hazy,F,,,N/A,N/A,N/A,N/A,8.35,,,0.0,100.0,0.0,10.0,0.0,10.0,single point avg,1.0,2.0,,,,,,
29,LQCL-DOG,LQ UO Dog & Puppy,,,6.0,9.0,N/A,N/A,,,Citrus,"Water thin, slight sedimentation",Colorless,Pale Yellow,N/A,Slightly Hazy,F,,,N/A,N/A,N/A,N/A,8.35,,,0.0,100.0,0.0,10.0,0.0,10.0,single point avg,1.0,2.0,,,,,,
30,LQCL-MU,LQ UO Multi-Purpose,,,6.0,9.0,N/A,N/A,,,Aquatic Fresh,"Water thin, slight sedimentation",Colorless,Pale Yellow,N/A,Slightly Hazy,F,,,N/A,N/A,N/A,N/A,8.35,,,0.0,100.0,0.0,10.0,0.0,10.0,single point avg,1.0,2.0,,,,,,
31,LQCL-VT,LQ UO Dog & Puppy Veterinary Strength,,,6.0,9.0,N/A,N/A,,,Citrus,"Water thin, slight sedimentation",Colorless,Pale Yellow,N/A,Slightly Hazy,F,,,N/A,N/A,N/A,N/A,8.35,,,0.0,100.0,0.0,10.0,0.0,10.0,single point avg,1.0,2.0,,,,,,
32,LQCL-VT-CT,LQ UO Cat & Kitten Veterinary Strength,,,6.0,9.0,N/A,N/A,,,Fruity,"Water thin, slight sedimentation",Colorless,Pale Yellow,N/A,Slightly Hazy,F,,,N/A,N/A,N/A,N/A,8.35,,,0.0,100.0,0.0,10.0,0.0,10.0,single point avg,1.0,2.0,,,,,,
33,LQCL-YK,"LQ UO Yard Clean, Yard & Kennel Odor Eli",,,7.0,9.0,N/A,N/A,,,"Fruity, Fresh","Water thin, slight sedimentation",N/A,Green,N/A,Slightly Hazy,F,,,N/A,N/A,N/A,N/A,8.38,,,0.0,100.0,0.0,10.0,0.0,10.0,single point avg,1.0,2.0,,,,,,
34,LQCM-HSCM,LQ Hot Spot Cream,7.8271,8.2471,5.0,6.0,64,30,2124.0,4956.0,"Fresh, Musk, Green",Viscous Cream,White,White,Opaque,Opaque,L,13.57,15.57,N/A,N/A,N/A,N/A,8.1271,Ref: NS-002-098,8.1271,,,,,,,Single Point Average,1.0,2.0,,,,,,
35,LQCM-TX,LQ Hair Cream Texture Theory,7.3,7.6,6.0,7.0,LV64,3,50000.0,100000.0,"Fruity,Berry",Thick Liquid,N/A,White,N/A,Opaque,F,10,14,N/A,N/A,N/A,N/A,7.94089,pH spec revised to 6-7 ,,0.0,100.0,0.0,10.0,0.0,10.0,single point avg,1.0,2.0,,,,,,
36,LQCM-TX-R2,LQ Hair Cream Texture Theory R2,7.94,8.77,5.5,7.5,LV96,0.3,300000.0,900000.0,"Fruity,Berry",Thick Liquid,N/A,White,N/A,Opaque,F,10,14,N/A,N/A,N/A,N/A,8.36,,,0.0,100.0,0.0,10.0,0.0,10.0,single point avg,1.0,2.0,,,,,,
37,LQDR-BASE,LQ Drops for Dogs/Cats- USA,8.46,8.78,3.0,4.0,N/A,N/A,,,Odorless,Water Thin,Colorless,Pale Yellow,Clear,Clear,F,9.78,14.68,N/A,N/A,N/A,N/A,8.62,,,0.0,100.0,0.0,10.0,0.0,10.0,single point avg,1.0,2.0,,,,,,
38,LQDR-CA,LQ Drops for Dogs/Cats-Canada,8.44,8.76,3.0,4.0,N/A,N/A,,,Odorless,Water thin,Colorless,Pale Yellow,Clear,Clear,P,9.76,14.64,N/A,N/A,N/A,N/A,8.6,,,0.0,100.0,0.0,10.0,0.0,10.0,single point avg,1.0,2.0,,,,,,
39,LQDS-AW,LQ Adv Whitening DHS-USA,8.44,8.76,3.0,4.0,N/A,N/A,,,Odorless,Water thin,Colorless,Pale Yellow,Clear,Clear,F,10.00,15.00,N/A,N/A,N/A,N/A,8.6,,,0.0,100.0,0.0,10.0,0.0,10.0,single point avg,1.0,2.0,,,,,,
40,LQDS-BASE,LQ Dental Health Solution BASE,8.41,8.73,3.0,4.0,N/A,N/A,,,Odorless,Water thin,Colorless,Pale Yellow,Clear,Clear,F,9.60,14.40,N/A,N/A,N/A,N/A,8.57,,,0.0,100.0,0.0,10.0,0.0,10.0,single point avg,1.0,2.0,,,,,,
41,LQDS-BASE-CONC,LQ Dental Health Solution Base CONC,8.42,8.74,3.0,4.0,N/A,N/A,,,Odorless,Water thin,Colorless,Pale Yellow,Clear,Clear,F,9.76,14.64,N/A,N/A,N/A,N/A,8.58,,,0.0,100.0,0.0,10.0,0.0,10.0,single point avg,1.0,2.0,,,,,,
42,LQDS-CA,LQ Dental Health Solution Dogs/Cat Canad,8.47,8.79,3.0,4.0,N/A,N/A,,,Odorless,Water thin,Colorless,Pale Yellow,Clear,Clear,F,10.08,15.12,N/A,N/A,N/A,N/A,8.63,,,0.0,100.0,0.0,10.0,0.0,10.0,single point avg,1.0,2.0,,,,,,
43,LQDS-CA-CONC,LQ Concentrate DHS for Dogs-Canada,8.45,8.77,3.0,4.0,N/A,N/A,,,Odorless,Water thin,Colorless,Pale Yellow,Clear,Clear,P,9.92,14.88,N/A,N/A,N/A,N/A,8.61,,,0.0,100.0,0.0,10.0,0.0,10.0,single point avg,1.0,2.0,,,,,,
44,LQDS-DG,LQ DHS +Digestive Support,8.42,8.74,3.0,4.0,N/A,N/A,,,Odorless,"Water thin, slight sedimentation",Pale Yellow,Yellow,Clear,Clear,F,10.00,15.00,N/A,N/A,N/A,N/A,8.58,,,0.0,100.0,0.0,10.0,0.0,10.0,single point avg,1.0,2.0,,,,,,
45,LQDS-DG-CA,LQ DHS +Digestive Support fo Dogs-CANADA,8.44,8.76,3.0,4.0,N/A,N/A,,,Odorless,"Water thin, slight sedimentation",Pale Yellow,Yellow,Clear,Clear,P,10.16,15.24,N/A,N/A,N/A,N/A,8.6,,,0.0,100.0,0.0,10.0,0.0,10.0,single point avg,1.0,2.0,,,,,,
46,LQDS-HJ,LQ DHS + Hip & Joint Support,8.46,8.78,3.0,4.0,N/A,N/A,,,Odorless,Water thin,Colorless,Pale Yellow,Clear,Clear,F,10.96,16.44,N/A,N/A,N/A,N/A,8.62,,,0.0,100.0,0.0,10.0,0.0,10.0,single point avg,1.0,2.0,,,,,,
47,LQDS-HJ-CA,LQ DHS +Hip & Joint Support for Dogs CAN,8.48,8.8,3.0,4.0,N/A,N/A,,,Odorless,Water thin,Colorless,Pale Yellow,Clear,Clear,F,10.96,16.44,N/A,N/A,N/A,N/A,8.64,,,0.0,100.0,0.0,10.0,0.0,10.0,single point avg,1.0,2.0,,,,,,
48,LQDS-HJ-JP,LQ DHS +Hip & Joint Support-JAPAN,8.47,8.79,3.0,4.0,N/A,N/A,,,Odorless,Water thin,Colorless,Pale Yellow,Clear,Clear,P,10.72,16.08,N/A,N/A,N/A,N/A,8.63,,,0.0,100.0,0.0,10.0,0.0,10.0,single point avg,1.0,2.0,,,,,,
49,LQDS-JP,LQ Dental Health Solution Japan,8.43,8.75,3.0,4.0,N/A,N/A,,,Odorless,Water thin,Colorless,Pale Yellow,Clear,Clear,P,9.68,14.52,N/A,N/A,N/A,N/A,8.59,,,0.0,100.0,0.0,10.0,0.0,10.0,single point avg,1.0,2.0,,,,,,
50,LQDS-PP,LQ DHS Adv Whitening(CAN)& Puppy(hybrid),8.44,8.76,3.0,4.0,N/A,N/A,,,Odorless,Water thin,Colorless,Pale Yellow,Clear,Clear,F,10.00,15.00,N/A,N/A,N/A,N/A,8.6,,,0.0,100.0,0.0,10.0,0.0,10.0,single point avg,1.0,2.0,,,,,,
51,LQDS-SC,LQ DHS Support Skin Health,8.43,8.75,3.0,4.0,N/A,N/A,,,Odorless,Water thin,Colorless,Pale Yellow,Clear,Clear,F,10.32,15.48,N/A,N/A,N/A,N/A,8.59,,,0.0,100.0,0.0,10.0,0.0,10.0,single point avg,1.0,2.0,,,,,,
52,LQDS-SC-CA,LQ DHS Supports Skin & Coat for Dogs-CAN,8.42,8.74,3.0,4.0,N/A,N/A,,,Odorless,Water thin,Colorless,Pale Yellow,Clear,Clear,P,9.44,14.16,N/A,N/A,N/A,N/A,8.58,,,0.0,100.0,0.0,10.0,0.0,10.0,single point avg,1.0,2.0,,,,,,
53,LQEC-AF-R2,LQ Ear Cleaner - Alcohol Free R2,8.21,8.53,2.0,3.5,N/A,N/A,,,Cocoa,Clear,N/A,Colorless,N/A,Clear,F,1.26,1.88,N/A,N/A,N/A,N/A,8.36921,,,0.0,100.0,0.0,10.0,0.0,10.0,single point avg,1.0,2.0,,,,,,
54,LQEC-AF-R3,LQ Ear Cleaner - Alcohol Free R2,8.21,8.53,2.0,3.5,N/A,N/A,,,Cocoa,Clear,N/A,Colorless,N/A,Clear,F,1.26,1.88,N/A,N/A,N/A,N/A,8.36921,,,0.0,100.0,0.0,10.0,0.0,10.0,single point avg,1.0,2.0,,,,,,
55,LQEC-AF-R4,TropiClean Postbiotic Ear Wash,8.2893,8.5893,3.0,4.0,,,,,Warm Cocoa,Water Thin,Colorless,Light blue,Clear,Hazy,L,4.24,5.24,,,,,8.4393,,8.4393,0.0,100.0,0.0,10.0,0.0,10.0,,,,,,,,,
56,LQEC-AL,LQ Ear Cleaner - Alcohol,8.03,8.35,2.0,3.5,N/A,N/A,,,Cocoa,Clear,N/A,Colorless,N/A,Clear,P,1.04,1.3,N/A,N/A,N/A,N/A,8.1867,,,0.0,100.0,0.0,10.0,0.0,10.0,single point avg,1.0,2.0,,,,,,
57,LQEC-ALOX,LQ OxyMed Ear Cleaner,7.8057,8.6273,2.5,3.5,,,,,"Sweet, Fruity",Water-Thin Liquid ,Colorless,Colorless,Clear,Clear,L,0.952,1.428,,,,,8.2165,NB ref: NS-001-117,,0.0,100.0,0.0,10.0,0.0,10.0,,,,,,,,,
58,LQEC-AL-R2,LQ Ear Cleaner - Alcohol R2,7.7876,8.6074,2.5,3.5,,,,,"Cocoa, Gourmand",Water-Thin Liquid ,Colorless,Colorless,Clear,Clear,L,1.12,1.68,,,,,8.1975,NB ref: NS-001-118,,0.0,100.0,0.0,10.0,0.0,10.0,,,,,,,,,
59,LQEC-EDR,Medicated Ear Drops,8.6,9.0,4.0,6.0,63,12,2000.0,5000.0,Herbal,Slightly Viscous Liquid,White,Slightly Yellow,Cloudy,Opaque,L,14,20,N/A,N/A,N/A,N/A,8.8157,Ref: SH-004-070,8.1271,,,,,,,Single Point Average,1.0,2.0,,,,,,
60,LQEC-EZ,LQ Ear Cleaner Enzymatic,8.812,9.112,5.0,7.0,LV61,3,1118.0,1678.0,"Fruity, Gourmand",Slightly Viscous Liquid,Colorless,Colorless,Clear,Hazy,L,25.5,27.5,N/A,N/A,N/A,N/A,8.962,Ref: CK-009-132,,0.0,100.0,0.0,10.0,0.0,10.0,single point avg,1.0,2.0,,,,,,
61,LQEV-BDSH,LQ Evolution Berry & Coconut Shampoo,8.47,8.79,6.0,8.0,LV63,2.5,3000.0,9000.0,Fruity,Viscous,N/A,Red,Clear,Hazy,F,10.17,15.25,145,185,130,170,8.6,,,0.0,100.0,0.0,10.0,0.0,10.0,single point avg,1.0,2.0,,,,,,
62,LQEV-KWCD,LQ EV Kiwi and Coconut Conditioner,8.06,8.38,4.0,6.5,LV63,2.5,4500.0,10000.0,Gourmand,Viscous,White,Off White,N/A,Opaque,F,2.26,3.40,N/A,N/A,N/A,N/A,8.3,,,0.0,100.0,0.0,10.0,0.0,10.0,single point avg,1.0,2.0,,,,,,
63,LQFS-CLSH,LQ NP FS Oatmeal Itch Relief Shampoo,8.45,8.77,3.0,5.0,LV63,2.5,4000.0,8000.0,"Fruity, Floral",Viscous,"White, Pearlescent","Off White, Pearlescent",N/A,Opaque,F,12.06,18.08,125,165,115,155,8.6,,,0.0,100.0,0.0,10.0,0.0,10.0,single point avg,1.0,2.0,,,,,,
64,LQFS-EC,LQ Fresh & Soothing Ear Cleaner,8.12,8.44,1.5,3.0,N/A,N/A,,,"Fruity, Floral",Water Thin,N/A,Colorless,Clear,Hazy,P,1.79,2.69,N/A,N/A,N/A,N/A,8.1,,,0.0,100.0,0.0,10.0,0.0,10.0,single point avg,1.0,2.0,,,,,,
65,LQFS-GPSH,LQ FS Sensitive Skin Hypo-Allergenic Sh,8.46,8.78,6.0,8.0,LV63,2.5,3000.0,8000.0,Floral,Viscous,Colorless,Pale Yellow,Clear,Hazy,F,9.81,14.71,105,145,100,140,8.6,,,0.0,100.0,0.0,10.0,0.0,10.0,single point avg,1.0,2.0,,,,,,
66,LQFS-IRSP,LQ FS Itch Relief Spray,8.3331,8.4573,3.5,6.0,N/A,N/A,,,"Fruity, Floral",Water Thin,Colorless,Off White,Clear,Hazy,F,1.66,2.50,N/A,N/A,N/A,N/A,8.3,,,0.0,100.0,0.0,10.0,0.0,10.0,single point avg,1.0,2.0,,,,,,
67,LQFS-LVCD,LQ FS Lavish 4 in 1 Shampoo+Conditioner,8.46,8.78,6.0,8.0,LV63,2.5,5000.0,13000.0,"Fruity, Floral",Viscous,N/A,"Blue, Pearlescent",N/A,Opaque,F,12.30,18.44,115,155,105,145,8.6,,,0.0,100.0,0.0,10.0,0.0,10.0,single point avg,1.0,2.0,,,,,,
68,LQFS-OCSH,LQ NP Fresh & Soothing Odor Control Sh,8.49,8.81,6.0,8.0,LV63,2.5,5000.0,13000.0,Floral,Viscous,"White, Pearlescent","Off White, Pearlescent",N/A,Opaque,F,10.58,15.88,115,155,105,145,8.6,,,0.0,100.0,0.0,10.0,0.0,10.0,single point avg,1.0,2.0,,,,,,
69,LQFS-RFSP,LQ NP Fresh & Soothing Refresh Spray,8.17,8.37,6.5,7.5,,,,,Floral,Liquid,Clear,N/A,Clear,Hazy,F,,,,,,,8.3,Added by Modesto/Alex 10/19/2022,,0.0,100.0,0.0,10.0,0.0,10.0,single point avg,1.0,2.0,,,,,,
70,LQFS-USCD,LQ FS Ultra Soothing Med. Conditioner,7.8,8.2,2.0,4.0,LV63,2.5,10000.0,26000.0,"Fruity, Gourmand",Viscous,White,Off White,N/A,Opaque,F,6.38,9.56,N/A,N/A,N/A,N/A,8.3,,,0.0,100.0,0.0,10.0,0.0,10.0,single point avg,1.0,2.0,,,,,,
71,LQFS-WS,LQ Fresh & Soothing Waterless Shampoo,8.18,8.5,6.0,8.0,N/A,N/A,,,"Fruity, Floral",Water Thin,Colorless,White,N/A,Hazy,F,0.58,0.86,N/A,N/A,N/A,N/A,,,,0.0,100.0,0.0,10.0,0.0,10.0,single point avg,1.0,2.0,,,,,,
72,LQFT-HMSP,LQ FT Home & Pet Spray,8.17,8.49,6.0,8.0,N/A,N/A,,,"Wood, Herbaceous",Water Thin,Colorless,Orange,Clear,Hazy,F,2.94,4.42,N/A,N/A,N/A,N/A,8.3,,,0.0,100.0,0.0,10.0,0.0,10.0,single point avg,1.0,2.0,,,,,,
73,LQFT-HMSP-R2,LQ FT Home & Pet Spray R2,8.17,8.49,6.5,8.0,N/A,N/A,,,"Wood, Herbaceous",Water Thin,Colorless,Orange,Clear,Hazy,F,2.94,4.42,N/A,N/A,N/A,N/A,8.3,,,,,,,,,,,,,,,,,
74,LQFT-SH,LQ Natural Flea & Tick Shampoo,8.28,8.6,6.5,8.5,LV63,2.5,8000.0,25000.0,"Wood, Herbaceous",Viscous,Colorless,Orange,Clear,Opaque,F,12.87,19.31,110,150,90,130,8.3,,,0.0,100.0,0.0,10.0,0.0,10.0,single point avg,1.0,2.0,,,,,,
75,LQFT-YDSP,LQ Natural Flea & Tick Yard Spray,8.15,8.47,6.0,8.0,N/A,N/A,,,"Wood, Herbaceous",Water Thin,Colorless,Orange,Clear,Opaque,F,3.10,4.64,N/A,N/A,N/A,N/A,8.3,,,0.0,100.0,0.0,10.0,0.0,10.0,single point avg,1.0,2.0,,,,,,
76,LQGL-AFBA,LQ Gel Alcohol Free Bacon,7.99,8.5,3.5,4.5,LV64,4,30000.0,75000.0,"Gourmand, Sweet",Gel,White,Yellow,N/A,Opaque,F,,,N/A,N/A,N/A,N/A,8.33,,,0.0,100.0,0.0,10.0,0.0,10.0,single point avg,1.0,2.0,,,,,,
77,LQGL-AFBASE,LQ Gel Alcohol Free Base,7.99,8.5,3.5,4.5,LV64,4,30000.0,75000.0,Slightly Sweet,Gel,N/A,White,N/A,Opaque,P,,,N/A,N/A,N/A,N/A,8.33,,,0.0,100.0,0.0,10.0,0.0,10.0,single point avg,1.0,2.0,,,,,,
78,LQGL-AFCK,LQ Gel Alcohol Free Rotisserie Chicken,7.99,8.5,3.5,4.5,LV64,4,30000.0,75000.0,"Musk, Poultry",Gel Like,White,Yellow/Brown,N/A,Opaque,P,,,N/A,N/A,N/A,N/A,8.33,,,0.0,100.0,0.0,10.0,0.0,10.0,single point avg,1.0,2.0,,,,,,
79,LQGL-AFCK-Z,LQ Gel Alcohol Free Chicken Zinc,8.4306,8.7306,3.5,4.5,64,30,3458.0,6422.0,Rotisserie Chicken,Viscous Gel,Tan,Brown,Hazy,Opaque,F,0,0,,,,,8.5806,Ref: CK-010-136,Yes,,,,,,,,,,,,,,,
80,LQGL-AFPB,LQ Gel Alcohol Free Peanut Butter,7.99,8.5,3.5,4.5,LV64,4,30000.0,75000.0,"Spice, Nutty",Gel Like,White,Yellow / Gray,N/A,Opaque,F,,,N/A,N/A,N/A,N/A,8.33,,,0.0,100.0,0.0,10.0,0.0,10.0,single point avg,1.0,2.0,,,,,,
81,LQGL-AFPU,LQ Gel Alcohol Free Smoke Flavor Purepal,7.99,8.5,3.5,4.5,LV64,4,30000.0,75000.0,"Musk, Smoke",Gel Like,White,Yellow/Brown,N/A,Opaque,F,,,N/A,N/A,N/A,N/A,8.33,,,0.0,100.0,0.0,10.0,0.0,10.0,single point avg,1.0,2.0,,,,,,
82,LQGL-AFSL,LQ Gel Alcohol Free Salmon,7.99,8.5,3.5,4.5,LV64,4,30000.0,75000.0,"Fishy, Sour",Gel,White,Yellow/Brown,N/A,Opaque,P,,,N/A,N/A,N/A,N/A,8.6478,,,0.0,100.0,0.0,10.0,0.0,10.0,single point avg,1.0,2.0,,,,,,
83,LQGL-AW,LQ Gel- Advanced Whitening Gel,8.19,8.51,5.0,7.0,LV64,2.5,40000.0,130000.0,Fresh,Gel Like,N/A,Colorless,Clear,Clear,F,,,N/A,N/A,N/A,N/A,8.35,,,0.0,100.0,0.0,10.0,0.0,10.0,single point avg,1.0,2.0,,,,,,
84,LQGL-BASE,LQ Base- Clean Teeth Gel & Brushing Gel,8.19,8.51,5.0,7.0,LV64,2.5,40000.0,130000.0,Fresh,Viscous,N/A,Colorless,Clear,Clear,F,5.21,7.81,N/A,N/A,N/A,N/A,8.35,,,0.0,100.0,0.0,10.0,0.0,10.0,single point avg,1.0,2.0,,,,,,
85,LQGL-BE,LQ Gel- Berry Fresh For Dogs,8.26,8.58,5.0,7.0,LV64,2.5,40000.0,130000.0,Fruity,Gel Like,N/A,Colorless,Clear,Clear,P,,,N/A,N/A,N/A,N/A,8.42,,,0.0,100.0,0.0,10.0,0.0,10.0,single point avg,1.0,2.0,,,,,,
86,LQGL-GN,LQ Gel - Puppy & Cat Gentle Formula,8.23,8.55,5.0,7.0,LV64,2.5,40000.0,130000.0,Fresh,Gel Like,N/A,Colorless,Clear,Clear,F,,,N/A,N/A,N/A,N/A,8.39,,,0.0,100.0,0.0,10.0,0.0,10.0,single point avg,1.0,2.0,,,,,,
87,LQGL-PB,LQ Gel - Peanut Butter Gel For Dogs,8.25,8.57,5.0,7.0,LV64,2.5,40000.0,130000.0,Gourmand,Gel Like,N/A,Colorless,Clear,Clear,F,,,N/A,N/A,N/A,N/A,8.41,,,0.0,100.0,0.0,10.0,0.0,10.0,single point avg,1.0,2.0,,,,,,
88,LQGL-TXSY,LQ Styling Gel Texture Theory,8.2,8.5,6.0,7.0,LV64,3,83000.0,180000.0,"Fruity, Berry",Gel,N/A,Off White,Translucent,Opaque,F,2,3,N/A,N/A,N/A,N/A,8.39971,,,0.0,100.0,0.0,10.0,0.0,10.0,single point avg,1.0,2.0,,,,,,
89,LQGL-TXSY-R2,LQ Styling Gel Texture Theory R2,8.2,8.5,4.5,6.5,T95,6,20000.0,70000.0,"Fruity, Berry",Gel,N/A,Off White,Translucent,Opaque,P,2,3,N/A,N/A,N/A,N/A,8.42,,,0.0,100.0,0.0,10.0,0.0,10.0,single point avg,1.0,2.0,,,,,,
90,LQGL-VM,LQ Gel - Vanilla Mint for Dogs,8.22,8.54,5.0,7.0,LV64,2.5,40000.0,130000.0,"Gourmand, Fresh",Gel Like,N/A,Colorless,Clear,Clear,P,,,N/A,N/A,N/A,N/A,,,,0.0,100.0,0.0,10.0,0.0,10.0,single point avg,1.0,2.0,,,,,,
91,LQHC-CBSH,LQ HC Cherry Blossom Shampoo,8.5,8.82,5.5,7.5,LV63,2.5,5000.0,15000.0,"Fruity, Floral",Viscous,Colorless,Yellow,Clear,Hazy,F,18.33,27.49,145,185,135,175,8.6,,,0.0,100.0,0.0,10.0,0.0,10.0,single point avg,1.0,2.0,,,,,,
92,LQHC-PPSH,LQ HC Pure Plum Shampoo,8.53,8.85,6.0,8.0,LV63,2.5,8000.0,30000.0,"Floral, Fruity",Viscous,Colorless,Yellow,Clear,Opaque,F,10.86,16.30,130,170,125,165,8.6,,,0.0,100.0,0.0,10.0,0.0,10.0,single point avg,1.0,2.0,,,,,,
93,LQHC-SMSH,LQ HC Sweet Mandarin Shampoo,8.5,8.82,5.5,7.5,LV63,2.5,7000.0,16000.0,Citrus,Viscous,colorless,Orange,Clear,Hazy,F,18.38,27.58,155,195,145,185,8.6,7/13/2023 15:23,,0.0,100.0,0.0,10.0,0.0,10.0,single point avg,1.0,2.0,,,,,,
94,LQKT-CC,LQ Kaytee Clean Cage Habitat Deodorizer,8.15,8.47,6.0,8.0,N/A,N/A,,,"Fruity, Gourmand",Water Thin,N/A,Colorless,Clear,Hazy,F,0.58,0.86,N/A,N/A,N/A,N/A,8.3,,,0.0,100.0,0.0,10.0,0.0,10.0,single point avg,1.0,2.0,,,,,,
95,LQKT-SGSP,LQ KT Smellin Good Spray,8.12,8.44,6.0,8.0,N/A,N/A,,,Floral,Water Thin,N/A,Colorless,Clear,Hazy,F,2.10,3.16,N/A,N/A,N/A,N/A,8.3,,,0.0,100.0,0.0,10.0,0.0,10.0,single point avg,1.0,2.0,,,,,,
96,LQKT-SQSH,LQ Kaytee Squeaky Clean Shampoo,8.49,8.81,6.0,8.0,LV63,2.5,6000.0,21000.0,Floral,Viscous,N/A,"Blue, Pearlescent",N/A,Opaque,F,13.01,19.51,145,185,135,175,8.6,,,0.0,100.0,0.0,10.0,0.0,10.0,single point avg,1.0,2.0,,,,,,
97,LQLT-PP,LQ Lotion Paw & Pad,8.19,8.51,6.0,8.0,LV63,1.5,25000.0,70000.0,Odorless,Viscous,White,Off White,N/A,Opaque,P,8.00,12.00,N/A,N/A,N/A,N/A,8.35,,,0.0,100.0,0.0,10.0,0.0,10.0,single point avg,1.0,2.0,,,,,,
98,LQMK-TX,LQ Mask Texture Theory,7.41,8.19,4.5,6.0,LV96,0.6,300000.0,1200000.0,"Fruity, Berry",Thick Liquid,N/A,White,N/A,Opaque,F,12,20,N/A,N/A,N/A,N/A,7.83902,,,0.0,100.0,0.0,10.0,0.0,10.0,single point avg,1.0,2.0,,,,,,
99,LQOL-TX,LQ Scalp Oil Texture Theory,7.75,8.07,,,,,,,"Nutty, Neutral Oil",Thin,N/A,Yellow,N/A,Clear,F,96,100,N/A,N/A,N/A,N/A,7.9109,Density spec range corrected 5/12/22,,0.0,100.0,0.0,10.0,0.0,10.0,single point avg,1.0,2.0,,,,,,
100,LQOX-DMSH,LQ Oxymed Dmat Solution,7.98,8.3,3.5,6.0,LV63,2.5,11000.0,20000.0,"Fruity, Gourmand",Viscous,Off White,Tan,N/A,Opaque,F,4.04,6.06,N/A,N/A,N/A,N/A,8.3,,,0.0,100.0,0.0,10.0,0.0,10.0,single point avg,1.0,2.0,,,,,,
101,LQOX-EC,LQ OxyMed Ear Cleaner,8.13,8.45,1.0,3.0,N/A,N/A,,,"Fruity, Gourmand",Water Thin,N/A,Colorless,Clear,Hazy,F,2.19,3.29,N/A,N/A,N/A,N/A,8.1,,,0.0,100.0,0.0,10.0,0.0,10.0,single point avg,1.0,2.0,,,,,,
102,LQOX-HASH,LQ Oxymed Hypo-Allergenic Shampoo,8.5,8.82,6.0,8.0,LV63,2.5,7000.0,22000.0,Odorless,Viscous,N/A,Colorless,Clear,Hazy,F,15.13,22.69,150,190,140,180,8.6,,,0.0,100.0,0.0,10.0,0.0,10.0,single point avg,1.0,2.0,,,,,,
103,LQOX-HASH-RT,LQ Oxymed Hypo-Allergenic SH - Retail,8.49,8.81,6.0,8.0,LV63,2.5,7000.0,17000.0,Odorless,Viscous,N/A,Colorless,Clear,Hazy,F,10.41,15.61,140,180,130,170,8.6,,,0.0,100.0,0.0,10.0,0.0,10.0,single point avg,1.0,2.0,,,,,,
104,LQOX-HASP,LQ OxyMed Hypo-Allergenic Spray,8.18,8.5,4.5,6.5,N/A,N/A,,,Odorless,Water Thin,Off White,Tan,Clear,Hazy,F,0.34,0.52,N/A,N/A,N/A,N/A,8.3,,,0.0,100.0,0.0,10.0,0.0,10.0,single point avg,1.0,2.0,,,,,,
105,LQOX-ISSH,LQ OX iSmart Shampoo,8.5,8.82,3.0,5.0,LV63,2.5,10000.0,20000.0,Fruity,Viscous,N/A,Violet,Clear,Hazy,F,15.86,23.80,150,190,135,175,8.6,,,0.0,100.0,0.0,10.0,0.0,10.0,single point avg,1.0,2.0,,,,,,
106,LQOX-MDAISH,LQ OxyMed Medicated Anti-Itch Shampoo,8.53,8.85,3.0,5.0,LV63,2.5,6000.0,14000.0,"Fruity, Gourmand",Viscous,off-white,Tan,Clear,Hazy,F,16.64,24.96,145,185,135,175,8.6,,,0.0,100.0,0.0,10.0,0.0,10.0,single point avg,1.0,2.0,,,,,,
107,LQOX-MDAISH-RT,LQ OxyMed Medicated Anti-Itch SH Retail,8.47,8.79,3.0,5.0,LV63,2.5,3500.0,10000.0,"Fruity, Gourmand",Viscous,Colorless,Tan,Clear,Opaque,F,13.04,19.56,140,180,130,170,8.6,,,0.0,100.0,0.0,10.0,0.0,10.0,single point avg,1.0,2.0,,,,,,
108,LQOX-MDAISP,LQ OxyMed Anti-Itch Medic Soothing Spray,8.3633,8.456,3.0,5.5,N/A,N/A,,,"Fruity, Gourmand",Water Thin,Tan,Brown,Clear,Hazy,F,2.32,3.48,N/A,N/A,N/A,N/A,8.3,,,0.0,100.0,0.0,10.0,0.0,10.0,single point avg,1.0,2.0,,,,,,
109,LQOX-MT,LQ Oxymed Medicated Treatment,8.03,8.35,2.5,4.0,LV63,2.5,10000.0,31500.0,"Fruity, Gourmand",Viscous,Off White,Tan,N/A,Opaque,F,6.80,10.20,N/A,N/A,N/A,N/A,8.3,,,0.0,100.0,0.0,10.0,0.0,10.0,single point avg,1.0,2.0,,,,,,
110,LQPF-CNSH,LQ PF - Combination Shampoo,8.38,8.7,6.0,8.0,LV63,3,10000.0,31000.0,Sweet Citrus,Viscous,Colorless,Tan,Slightly Hazy,Hazy,F,10.42,15.62,125,165,115,155,,,,0.0,100.0,0.0,10.0,0.0,10.0,single point avg,1.0,2.0,,,,,,
111,LQPF-CWSH,LQ PF - Curly & Wavy Shampoo,8.38,8.7,6.0,8.0,LV63,3,8500.0,20500.0,Sweet Citrus,Viscous,Colorless,Tan,Slightly Hazy,Hazy,F,10.28,15.42,130,170,115,155,,,,0.0,100.0,0.0,10.0,0.0,10.0,single point avg,1.0,2.0,,,,,,
112,LQPF-LHSH,LQ PF - Long Haired Shampoo,8.38,8.7,6.0,8.0,LV63,3,10000.0,31000.0,Sweet Citrus,Viscous,Colorless,Tan,Slightly Hazy,Hazy,F,10.28,15.42,95,135,85,125,,,,0.0,100.0,0.0,10.0,0.0,10.0,single point avg,1.0,2.0,,,,,,
113,LQPF-SDSH,LQ PF - Short Double Shampoo,8.38,8.7,6.0,8.0,LV63,3,12000.0,25000.0,Sweet Citrus,Viscous,Colorless,Tan,Slightly Hazy,Hazy,F,10.23,15.35,105,145,100,140,,,,0.0,100.0,0.0,10.0,0.0,10.0,single point avg,1.0,2.0,,,,,,
114,LQPF-SMSH,LQ PF - Smooth Shampoo,8.38,8.7,6.0,8.0,LV63,3,14000.0,28000.0,Sweet Citrus,Viscous,Colorless,Tan,Slightly Hazy,Hazy,F,10.35,15.53,125,165,120,160,,,,0.0,100.0,0.0,10.0,0.0,10.0,single point avg,1.0,2.0,,,,,,
115,LQPF-TDSH,LQ PF - Thick Double Shampoo,8.38,8.7,6.0,8.0,LV63,3,8000.0,18000.0,Sweet Citrus,Viscous,Colorless,Tan,Slightly Hazy,Hazy,F,10.48,15.72,120,160,110,150,,,,0.0,100.0,0.0,10.0,0.0,10.0,single point avg,1.0,2.0,,,,,,
116,LQPF-TRSP,LQ PF - Tangle Remover Spray,8.21,8.53,6.0,8.0,N/A,N/A,,,Sweet Citrus,Water Thin,Colorless,Tan,Clear,Hazy,F,1.55,2.33,N/A,N/A,N/A,N/A,,,,0.0,100.0,0.0,10.0,0.0,10.0,single point avg,1.0,2.0,,,,,,
117,LQPL-BISH-SS,LQ PL Brightening Shampoo SS,8.47,8.81,7.5,9.5,N/A,N/A,,,"Herbaceous, Fresh",Liquid,N/A,Blue,Clear,Clear,F,20.26,30.40,90,130,85,125,8.6508,,,0.0,100.0,0.0,10.0,0.0,10.0,single point avg,1.0,2.0,,,,,,
118,LQPL-BISH-SS-R2,LQ PL Brightening Shampoo SS R2,8.496,8.816,4.5,6.5,LV61,80,12.0,24.0,"Herbaceous, Fresh",Liquid,Blue,Blue,Clear,Hazy,P,18.54,34.44,111,151,99,139,8.6556,,,0.0,100.0,0.0,10.0,0.0,10.0,single point avg,1.0,2.0,,,,,,
119,LQPL-DCSH-SS,LQ PL Deep Cleaning Shampoo SS,8.49,8.81,7.5,9.5,N/A,N/A,,,"Herbaceous, Fresh",Liquid,Colorless,Pale Yellow,Clear,Clear,F,20.01,30.01,135,175,130,170,8.65,,,0.0,100.0,0.0,10.0,0.0,10.0,single point avg,1.0,2.0,,,,,,
120,LQPL-DCSH-SS-R2,LQ PL Deep Cleaning Shampoo SS R2,8.4944,8.8144,4.5,6.5,LV61,80,12.0,30.0,"Herbaceous, Fresh",Liquid,Colorless,Yellow,Clear,Hazy,P,18.22,33.84,117,157,105,145,8.6544,,,0.0,100.0,0.0,10.0,0.0,10.0,single point avg,1.0,2.0,,,,,,
121,LQPL-DCSH-SS-R3,LQ PL Deep Cleaning Shampoo SS R3,8.4944,8.8144,4.5,6.5,LV61,80,7.0,33.0,"Herbaceous, Fresh",Liquid,Colorless,Yellow,Clear,Hazy,P,18.22,33.84,117,157,105,145,8.6544,,,0.0,100.0,0.0,10.0,0.0,10.0,single point avg,1.0,2.0,,,,,,
122,LQPL-HASH-SS,LQ PL Hypo-Allergenic/Puppy Shampoo SS,8.5,8.82,7.5,9.5,N/A,N/A,,,Odorless,Liquid,Colorless,Pale Yellow,Clear,Clear,F,20.05,30.07,145,185,145,185,8.66,,,0.0,100.0,0.0,10.0,0.0,10.0,single point avg,1.0,2.0,,,,,,
123,LQPL-HASH-SS-R2,LQ PL Hypo-Allergenic Shampoo SS R2,8.499,8.819,4.5,6.5,LV61,80,0.0,30.0,No added fragrance,Liquid,Colorless,Yellow,Clear,Hazy,P,18.2,33.8,115,155,102,142,8.659,,,0.0,100.0,0.0,10.0,0.0,10.0,single point avg,1.0,2.0,,,,,,
124,LQPL-HASH-SS-R3,LQ PL Hypo-Allergenic Shampoo SS R3,8.499,8.819,4.5,6.5,LV61,80,0.0,30.0,No added fragrance,Liquid,Colorless,Yellow,Clear,Hazy,P,18.2,33.8,115,155,102,142,8.659,,,0.0,100.0,0.0,10.0,0.0,10.0,single point avg,1.0,2.0,,,,,,
125,LQPL-LSSH-SS,LQ PL Lustrous Coat Shampoo SS,8.5,8.82,7.5,9.5,N/A,N/A,,,"Herbaceous, Fresh",Liquid,Colorless,Pale Yellow,Clear,Clear,F,21.04,31.56,120,160,115,155,8.6575,,,0.0,100.0,0.0,10.0,0.0,10.0,single point avg,1.0,2.0,,,,,,
126,LQPL-LSSH-SS-R2,LQ PL Lustrous Coat Shampoo SS R2,8.5044,8.82,4.5,6.5,LV61,80,10.5,30.0,"Herbaceous, Fresh",Liquid,Colorless,Yellow,Clear,Hazy,P,18.8,34.92,118,158,113,153,8.6644,,,0.0,100.0,0.0,10.0,0.0,10.0,single point avg,1.0,2.0,,,,,,
127,LQPL-MSCD-SS,LQ PL Moisturizing Conditioner,7.9617,8.2817,4.0,6.0,N/A,N/A,,,No added fragrance,Semi-Viscous Liquid,N/A,White,N/A,Opaque,F,,,N/A,N/A,N/A,N/A,8.121699999999999,,,0.0,100.0,0.0,10.0,0.0,10.0,single point avg,1.0,2.0,,,,,,
128,LQPL-MSCD-SS-R2,LQ PL Moisturizing Conditioner SS R2,8.3776,8.6976,6.0,8.0,LV62,3,3500.0,9000.0,"Base, Fatty",Viscous Liquid,White,Yellow/White,N/A,Opaque,F,11.73,21.78,N/A,N/A,N/A,N/A,8.53762,,,0.0,100.0,0.0,10.0,0.0,10.0,single point avg,1.0,2.0,,,,,,
129,LQPL-MSSH-SS,LQ PL Moisturizing Shampoo SS,8.57,8.89,7.5,9.5,N/A,N/A,,,"Herbaceous, Fresh",Liquid,Colorless,Pale Yellow,Clear,Clear,F,23.76,35.64,105,145,100,140,8.7293,,,0.0,100.0,0.0,10.0,0.0,10.0,single point avg,1.0,2.0,,,,,,
130,LQPL-MSSH-SS-R2,LQ PL Moisturizing Shampoo SS R2,8.58,8.9009,4.5,6.5,LV61,80,10.5,30.0,"Herbaceous, Fresh",Liquid,Colorless,Yellow,Clear,Hazy,P,21.13,39.23,130,170,120,160,8.7409,,,0.0,100.0,0.0,10.0,0.0,10.0,single point avg,1.0,2.0,,,,,,
131,LQPL-MSSH-SS-R3,LQ PL Moisturizing Shampoo SS R3,8.5809,8.9009,4.5,6.5,LV61,80,10.5,30.0,"Herbaceous, Fresh",Liquid,Colorless,Yellow,Clear,Hazy,P,21.13,39.23,130,170,120,160,8.7409,,,0.0,100.0,0.0,10.0,0.0,10.0,single point avg,1.0,2.0,,,,,,
132,LQPL-ORSH-SS-R2,LQ PL Oil Reducing Shampoo SS R2,8.4993,8.8193,4.5,6.5,LV61,80,5.0,30.0,"Herbaceous, Fresh",Liquid,Colorless,Slightly Yellow,Clear,Slightly Hazy,P,19.17,35.61,119,156,107,143,8.65,,,0.0,100.0,0.0,10.0,0.0,10.0,single point avg,1.0,2.0,,,,,,
133,LQPL-ORSH-SS-R3,**name not found**,8.4993,8.8193,4.5,6.5,LV61,80,5.0,25.0,"Herbaceous, Fresh",Liquid,Colorless,Slightly Yellow,Clear,Slightly Hazy,P,19.17,35.61,119,156,107,143,8.65,,,0.0,100.0,0.0,10.0,0.0,10.0,single point avg,1.0,2.0,,,,,,
134,LQPL-STSH-SS,LQ PL Oatmeal Soothing Shampoo SS,8.52,8.84,7.5,9.5,N/A,N/A,,,"Herbaceous, Fresh",Liquid,Colorless,Pale Yellow,Clear,Clear,F,21.62,32.44,130,170,130,170,8.6751,,,0.0,100.0,0.0,10.0,0.0,10.0,single point avg,1.0,2.0,,,,,,
135,LQPL-STSH-SS-R2,LQ PL Oatmeal Soothing Shampoo SS R2,8.5267,8.8467,4.5,6.5,LV61,80,11.2,21.0,"Herbaceous, Fresh",Liquid,Colorless,Yellow,Clear,Hazy,P,19.23,35.71,120,160,110,150,8.7409,,,0.0,100.0,0.0,10.0,0.0,10.0,single point avg,1.0,2.0,,,,,,
136,LQPW-ZU,LQ UO Zorb It-Up Powder,,,,,N/A,N/A,,,Aquatic Fresh,Powder,White,Off White,N/A,N/A,P,,,N/A,N/A,N/A,N/A,,,,0.0,100.0,0.0,10.0,0.0,10.0,single point avg,1.0,2.0,,,,,,
137,LQSH-AIR,LQ Anti Itch Relief Shampoo Retail,8.1469,9.0045,3.0,5.0,LV63,6,4000.0,16000.0,Fruity,Viscous Liquid,Colorless,Tan,Hazy,Opaque,L,11.928,17.892,100,140,90,130,8.5757,Reference: SH-003-044,8.5757,0.0,100.0,0.0,10.0,0.0,10.0,single point avg,1.0,2.0,,,,,,
138,LQSH-AL-CONC,LQ TR Aloe and Coconut Shampoo,8.18,9.04,6.0,8.0,LV63,3,9000.0,20000.0,Fruity,Viscous Liquid,Colorless,Yellow,Clear,Hazy,L,11.9,22.2,115,155,110,150,8.61,NB Ref: PD-002-130,,0.0,100.0,0.0,10.0,0.0,10.0,single point avg,1.0,2.0,,,,,,
139,LQSH-AL-RT,LQ TR Aloe and Coconut Shampoo Retail,8.19,9.05,6.0,8.0,LV63,6,7000.0,14000.0,Fruity,Viscous Liquid,Colorless,Yellow,Clear,Hazy,L,8.23,15.29,120,160,110,150,8.62,NB Ref: PD-002-143,,0.0,100.0,0.0,10.0,0.0,10.0,single point avg,1.0,2.0,,,,,,
140,LQSH-ANTIWS,OxyMed Medicated Antifungal Waterless Foamer,8.3149,8.6149,5.0,6.5,,,,,"Fruity, Gourmand",Water Thin,Colorless,Colorless,Clear,Clear,L,5.28,6.28,,,,,8.4649,,8.4649,0.0,100.0,0.0,10.0,0.0,10.0,,,,,,,,,
141,LQSH-AW-CONC,LQ TR Awapuhi and Coconut Shampoo,8.17,9.03,6.0,8.0,LV63,3,8000.0,23000.0,"Floral, Fruity",Viscous Liquid,Blue,Purple,Clear,Opaque,L,11.9,22.2,115,155,110,150,8.6,NB Ref: PD-002-131,,0.0,100.0,0.0,10.0,0.0,10.0,single point avg,1.0,2.0,,,,,,
142,LQSH-AW-RT,LQ TR Awapuhi and Coconut Shampoo Retail,8.14,9.0,6.0,8.0,LV63,6,4000.0,13500.0,Fruity,Viscous Liquid,Blue,Purple,Clear,Hazy,L,8.1,15.04,110,150,100,140,8.57,NB REF: PD-002-071,,0.0,100.0,0.0,10.0,0.0,10.0,single point avg,1.0,2.0,,,,,,
143,LQSH-BE,LQ SH Berry & Coconut With Brightening,8.49,8.81,6.0,8.0,LV63,2.5,6000.0,18000.0,Fruity,Viscous,N/A,Blue,Clear,Hazy,P,10.776,16.164,130,170,120,160,8.65,Copied directly from LQSH-BE-RT,,0.0,100.0,0.0,10.0,0.0,10.0,single point avg,1.0,2.0,,,,,,
144,LQSH-BE-CONC,LQ Berry and Coconut Shampoo Concentrate,8.17,9.03,6.0,8.0,LV63,3,10000.0,26000.0,Fruity,Viscous Liquid,Colorless,Yellow,Clear,Hazy,L,11.83,21.97,120,160,110,150,8.6,NB Ref: PD-002-137,,0.0,100.0,0.0,10.0,0.0,10.0,single point avg,1.0,2.0,,,,,,
145,LQSH-BE-RT,LQ Trop Berry & Coconut Shampoo Retail,8.17,9.03,6.0,8.0,LV63,6,7000.0,14000.0,Fruity,Viscous Liquid,Colorless,Yellow,Clear,Hazy,L,8.21,15.25,115,155,110,150,8.6,NB REF: PD-002-064,,0.0,100.0,0.0,10.0,0.0,10.0,single point avg,1.0,2.0,,,,,,
146,LQSH-CB-HCONC,LQ HC Cherry Blossom Shampoo,8.44,8.78,6.0,8.0,LV63,6,7000.0,14000.0,"Fruity, Floral",Viscous Liquid,Colorless,Pink or Yellow,Clear,Hazy,P,14.74,27.37,127,167,123,163,8.61,NB REF PD-001-022,,0.0,100.0,0.0,10.0,0.0,10.0,single point avg,1.0,2.0,,,,,,
147,LQSH-CI,LQ SH Citrus Splash SOM May/Jun,8.46,8.8,6.0,8.0,LV63,6,9058.0,16822.0,"Sweet, Citrus",Semi-Viscous Liquid ,Colorless,Yellow,Clear,Hazy,P,11.12,20.64,,,,,,,,0.0,100.0,0.0,10.0,0.0,10.0,single point avg,1.0,2.0,,,,,,
148,LQSH-CM-CONC,LQ Spa Lavish Comfort Shampoo Concentrate,8.156,9.014,5.0,7.0,LV63,3,10500.0,20000.0,Fruity,Viscous Liquid,"Green, Pearlescent","Green, Pearlescent",Opaque,Opaque,P,12.62,23.44,110,150,100,140,8.585,NB Reference: PD-004-020,,0.0,100.0,0.0,10.0,0.0,10.0,Single Point Avg,1.0,2.0,,,,,,
149,LQSH-CM-RT,LQ Spa Lavish Comfort Shampoo Retail ,8.147,9.004,6.0,8.0,LV63,3,11500.0,22000.0,Floral,Viscous Liquid,"Green, Pearlescent","Green, Pearlescent",Opaque,Opaque,P,9.19,17.07,105,145,100,140,8.5757,NB Reference: PD-003-144,,0.0,100.0,0.0,10.0,0.0,10.0,Single Point Avg,1.0,2.0,,,,,,
150,LQSH-CN,LQ SH - Combination,8.38,8.7,6.0,8.0,LV63,3,10000.0,31000.0,Sweet Citrus,Viscous,Colorless,Tan,Slightly Hazy,Hazy,P,10.416,15.624,125,165,115,155,8.54,Copied Directly from LQPF-CNSH.,,0.0,100.0,0.0,10.0,0.0,10.0,single point avg,1.0,2.0,,,,,,
151,LQSH-CN-R2,LQ Perfect Fur Combination Coat Shampoo,8.188,9.05,6.0,8.0,LV63,3,13500.0,27500.0,Citrus,Viscous Liquid,Colorless,Yellow-Brown,Hazy,Hazy,P,8.83,16.41,120,160,110,150,8.6192,NB Reference: PD-002-079,,0.0,100.0,0.0,10.0,0.0,10.0,Single Point Averaging,1.0,2.0,,,,,,
152,LQSH-CR,SH Fresh & Soothing Calming Refresh,8.46,8.78,6.0,8.0,LV63,6,7000.0,15000.0,"Fresh, Ozonic, Spice",Semi-Viscous Liquid,Colorless,,Transparent,,P,,,117,140,111,134,8.62,,,0.0,100.0,0.0,10.0,0.0,10.0,single point avg,1.0,2.0,,,,,,
153,LQSH-CW,LQ SH - Curly & Wavy,8.38,8.7,6.0,8.0,LV63,3,8500.0,20500.0,Sweet Citrus,Viscous,Colorless,Tan,Slightly Hazy,Hazy,F,10.28,15.42,130,170,115,155,8.54,Copied directly from LQPF-CWSH,,0.0,100.0,0.0,10.0,0.0,10.0,single point avg,1.0,2.0,,,,,,
154,LQSH-CW-R2,LQ Curly Wavy Shampoo R2,8.17,9.03,6.0,8.0,LV63,3,8500.0,20500.0,"Sweet, Citrus",Viscous Liquid,Colorless,Yellow,Clear,Hazy,R,8.92,16.56,90,130,80,120,8.5966,NB Ref: PD-001-084. Consulted Formulator.,,0.0,100.0,0.0,10.0,0.0,10.0,single point avg,1.0,2.0,,,,,2024-09-19,
155,LQSH-DCWS,LQ SH Deep Cleansing Waterless,8.16,8.48,6.5,8.5,N/A,N/A,,,Fruity,Water Thin,N/A,Colorless,Clear,Hazy,F,0.44,0.66,N/A,N/A,N/A,N/A,8.34,copied directly from LQTR-DCWS,,0.0,100.0,0.0,10.0,0.0,10.0,single point avg,1.0,2.0,,,,,,
156,LQSH-DRWS,LQ SH Dander Reducing Waterless Cat,8.16,8.48,6.5,8.5,N/A,N/A,,,Fruity,Water Thin,N/A,Colorless,Clear,Hazy,F,0.528,0.792,N/A,N/A,N/A,N/A,8.34,copied from LQTR-DRWS,,0.0,100.0,0.0,10.0,0.0,10.0,single point avg,1.0,2.0,,,,,,
157,LQSH-EBE,TropiClean Core Berry Retail SH,8.3,8.9,6.0,8.0,LV63,6,5000.0,15000.0,Fruity,Viscous Liquid,Colorless,Yellow,Clear,Hazy,L,10,20,120,140,110,130,8.6,,8.695,0.0,100.0,0.0,10.0,0.0,10.0,,,,,,,,,
158,LQSH-EBEWS,,8.1826,8.5166,6.0,8.0,,,,,Fruit,Water-Thin,Colorless,Yellow,Clear,Clear,P,3.3016,4.9524,,,,,8.3496,,8.3496,0.0,100.0,0.0,10.0,0.0,10.0,,,,,,,,,
159,LQSH-EBP,Endurascent Blackberry Pear SH,8.1914,9.0536,6.0,8.0,LV63,6,6000.0,16000.0,Fruity,Viscous Liquid,Colorless,Yellow,Clear,Slightly Hazy,L,11.416,17.124,50,90,40,80,8.6225,Reference: SH-003-044,8.6225,0.0,100.0,0.0,10.0,0.0,10.0,single point avg,1.0,2.0,,,,,,
160,LQSH-EMW,TC Endurascent Mango Kiwi Shed Control 4-in-1 SH,8.19,9.052,5.5,7.5,LV63,6,4000.0,12000.0,Fruity,Viscous Liquid,Colorless,Colorless,Hazy,Hazy,L,11,16.5,75,115,70,110,8.6206,NB Ref: SH-002-146,,0.0,100.0,0.0,10.0,0.0,10.0,single point avg,1.0,2.0,,,,,,
161,LQSH-EPI,TC Endurascent Pineapple Itch Relief 4-in-1 SH,8.1595,9.0185,4.0,6.5,LV63,6,6000.0,18000.0,Fruity,Viscous Liquid,Colorless,Colorless,Clear,Clear,L,10.45,15.67,105,145,100,140,8.589,NB Ref: SH-002-075,,0.0,100.0,0.0,10.0,0.0,10.0,single point avg,1.0,2.0,,,,,,
162,LQSH-EPY,TropiClean Core Papaya Retail SH,8.3,8.9,6.0,8.0,LV63,6,5000.0,15000.0,Fruity,Viscous Liquid,White,White,Opaque,Opaque,L,10,20,105,125,100,120,8.6,,8.729,0.0,100.0,0.0,10.0,0.0,10.0,,,,,,,,,
163,LQSH-EPYWS,,8.2553,8.5923,6.0,8.0,N/A,N/A,,,Fruity,Water-thin,Colorless,Yellow,Clear,,P,2.6666,4,,,,,8.4238,,,0.0,100.0,0.0,10.0,0.0,10.0,,,,,,,,,
164,LQSH-ERBL,TC Endurascent Raspberry Lime Deodorizing SH,8.2052,9.069,5.5,7.5,LV63,6,8000.0,20000.0,Fruity,Viscous Liquid,Colorless,Colorless,Clear,Clear,L,11.54,17.3,100,140,95,135,8.6371,NB Ref: SH-002-016,,0.0,100.0,0.0,10.0,0.0,10.0,single point avg,1.0,2.0,,,,,,
165,LQSH-ESG,Endurascent Sandalwood Grapefruit SH,8.2053,9.0691,6.0,8.0,LV63,6,8000.0,18000.0,Fruity,Viscous Liquid,Colorless,Yellow,Slightly Hazy,Hazy,L,12.048,18.072,75,115,65,105,8.6372,Reference: SH-003-063,8.6372,0.0,100.0,0.0,10.0,0.0,10.0,single point avg,1.0,2.0,,,,,,
166,LQSH-EWA,TropiClean Core Watermelon Retail SH,8.3,8.9,6.0,8.0,LV63,6,4000.0,14000.0,Fruity,Viscous Liquid,White,White,Opaque,Opaque,L,10,20,110,130,105,125,8.6,,8.606,0.0,100.0,0.0,10.0,0.0,10.0,,,,,,,,,
167,LQSH-FA,LQ SH Fall Harvest SOM Sept/Oct,8.4515,8.7915,6.0,8.0,LV63,6,8000.0,15000.0,Spice Apple,Semi-Viscous Liquid ,Colorless,Yellow,Clear,Hazy,P,11.66,21.66,,,,,,,,0.0,100.0,0.0,10.0,0.0,10.0,single point avg,1.0,2.0,,,,,,
168,LQSH-FCWS,LQ SH Facial Cleanser Waterless,8.18,8.5,6.0,8.0,N/A,N/A,,,Gourmand,Water Thin,N/A,Colorless,Clear,Hazy,F,3.008,4.512,N/A,N/A,N/A,N/A,8.34,copied from LQTR-FCWS,,0.0,100.0,0.0,10.0,0.0,10.0,single point avg,1.0,2.0,,,,,,
169,LQSH-FH-CONC,LQ Spa Lavish For Him Shampoo Concentrate,8.16,9.012,6.0,8.0,LV63,3,10000.0,30000.0,Musky,Viscous Liquid,"Brown, Pearlescent","Brown, Pearlescent",Opaque,Opaque,P,12.99,24.13,120,160,112,152,8.5895,NB Reference: PD-001-104,,0.0,100.0,0.0,10.0,0.0,10.0,Single Point Avg,1.0,2.0,,,,,,
170,LQSH-FH-RT,LQ Spa Lavish For Him Shampoo Retail,8.143,9.0001,6.0,8.0,LV63,3,7000.0,21000.0,Musky,Viscous Liquid,"Brown, Pearlescent","Brown, Pearlescent",Opaque,Opaque,P,10.96,20.36,110,150,102,142,8.5721,NB Reference: PD-001-100,,0.0,100.0,0.0,10.0,0.0,10.0,Single Point Avg,1.0,2.0,,,,,,
171,LQSH-FR-CONC,LQ Spa Lavish Fresh Shampoo Concentrate,8.083,8.934,6.0,8.0,LV63,3,8500.0,16000.0,Floral,Viscous Liquid,"Blue, Pearlescent","Blue-Green, Pearlescent",Opaque,Opaque,P,12.61,23.42,114.5,154.5,105,145,8.5083,NB Reference: PD-003-058,,0.0,100.0,0.0,10.0,0.0,10.0,Single Point Avg,1.0,2.0,,,,,,
172,LQSH-FR-RT,LQ Spa Lavish Fresh Shampoo Retail,8.17,9.031,6.0,8.0,LV63,3,9500.0,18500.0,Floral,Viscous Liquid,"Blue, Pearlescent","Blue-Green, Pearlescent",Opaque,Opaque,P,9.64,17.9,97.5,137.5,85,125,8.6005,NB Reference: PD-003-132,,0.0,100.0,0.0,10.0,0.0,10.0,Single Point Avg,1.0,2.0,,,,,,
173,LQSH-FSWS,LQ Shampoo Fresh & Soothing Waterless,8.18,8.5,6.0,8.0,N/A,N/A,,,"Fruity, Floral",Water Thin,Colorless,White,N/A,Hazy,F,0.576,0.864,N/A,N/A,N/A,N/A,8.34,LQFS-WS,,0.0,100.0,0.0,10.0,0.0,10.0,single point avg,1.0,2.0,,,,,,
174,LQSH-FTCT,LQ Natural Flea & Tick Cat SH,8.4182,8.7182,4.0,6.0,LV63,15,3057.0,5678.0,"Cedarwood, Rosemary",Viscous Liquid,Colorless,Yellow,Hazy,Opaque,L,14.56,21.84,85,90,75,84,8.5682,Ref: CK-009-123,,,,,,,,,,,,,,,,
175,LQSH-FTMS,LQ Natural Flea & Tick Max Strength SH,8.139,8.996,4.0,6.0,LV63,3,8000.0,25000.0,"Wood, Herbaceous",Viscous Liquid,Colorless,Yellow,Clear,Opaque,F,12.3,18.46,90,130,85,125,8.5677,NB Reference: SH-001-139,,0.0,100.0,0.0,10.0,0.0,10.0,single point avg,1.0,2.0,,,,,,
176,LQSH-FTST,LQ Natural Flea & Tick Plus Soothing SH,8.038,8.884,4.0,6.0,LV63,3,8000.0,25000.0,"Wood, Herbaceous",Viscous Liquid,Colorless,Yellow,Clear,Opaque,F,11.48,17.22,70,110,60,100,8.4611,NB Reference: SH-001-136,,0.0,100.0,0.0,10.0,0.0,10.0,single point avg,1.0,2.0,,,,,,
177,LQSH-GM,LQ Shampoo Essentials - Goat's Milk,8.3372,8.68,6.0,6.5,LV63,3,7000.0,22000.0,"Vanilla, Sweet",Thick Liquid,Colorless,Pink,Translucent,Opaque,F,8.561,15.9,133,143,N/A,N/A,8.5072,,,0.0,100.0,0.0,10.0,0.0,10.0,single point avg,1.0,2.0,,,,,,
178,LQSH-GN,TropiClean Core Gentle Coconut Retail SH,8.3,8.9,6.0,8.0,LV63,6,5000.0,15000.0,Fruity,Viscous Liquid,Colorless,Orange,Clear,Hazy,L,10,20,120,140,110,130,8.6,,8.615,0.0,100.0,0.0,10.0,0.0,10.0,,,,,,,,,
179,LQSH-GN-CONC,LQ TR Gentle Coconut Puppy Shampoo,8.16,9.02,6.0,8.0,LV63,3,10000.0,28000.0,Fruity,Viscous Liquid,Colorless,Orange,Clear,Hazy,L,11.95,22.19,115,155,105,145,8.59,NB Ref: PD-002-140,,0.0,100.0,0.0,10.0,0.0,10.0,single point avg,1.0,2.0,,,,,,
180,LQSH-GN-RT,LQ TR Gentle Coconut Puppy Shampoo - RT,8.17,9.03,6.0,8.0,LV63,6,5600.0,11000.0,Fruity,Viscous Liquid,Colorless,Orange,Clear,Hazy,L,7.39,13.72,125,165,115,155,8.6,NB REF: PD-002-054,,0.0,100.0,0.0,10.0,0.0,10.0,single point avg,1.0,2.0,,,,,,
181,LQSH-GNWS,,8.1377,8.4749,6.0,8.0,,,,,"Gourmand, Fruity",Water-Thin,Colorless,Yellow,Clear,Clear,P,1.2085,1.8127,,,,,8.3087,,8.3087,0.0,100.0,0.0,10.0,0.0,10.0,,,,,,,,,
182,LQSH-HA-CONC,LQ Oxymed Hypo-Allergenic Shampoo Concentrate,8.175,9.036,6.0,8.0,LV63,3,8500.0,32000.0,Fragrance Free,Viscous Liquid,Colorless,Colorless,Clear,Hazy,P,11.45,21.27,117,157,110,150,8.6056,NB Reference: PD-003-042,,0.0,100.0,0.0,10.0,0.0,10.0,Single Point Averaging,1.0,2.0,,,,,,
183,LQSH-HA-RT,LQ Oxymed Hypo-Allergenic Shampoo Retail,8.17,9.03,6.0,8.0,LV63,6,5000.0,14500.0,Fragrance Free,Viscous Liquid,Colorless,Colorless,Clear,Hazy,P,7.22,13.42,105,145,94,134,8.6003,NB Reference: PD-002-099,,0.0,100.0,0.0,10.0,0.0,10.0,Single Point Averaging,1.0,2.0,,,,,,
184,LQSH-HAWS,LQ SH Hypo-Allergenic Waterless,8.16,8.48,6.5,8.5,N/A,N/A,,,Fruity,Water Thin,N/A,Colorless,Clear,Hazy,F,0.568,0.852,N/A,N/A,N/A,N/A,8.34,copied from LQTR-HAWS,,0.0,100.0,0.0,10.0,0.0,10.0,single point avg,1.0,2.0,,,,,,
185,LQSH-HBWS,LQ Shampoo Hairball Waterless Solution,8.15,8.47,6.0,8.0,N/A,N/A,,,Odorless,Water Thin,Colorless,Slightly White,N/A,Hazy,F,0.68,1.02,N/A,N/A,N/A,N/A,8.3093,,,0.0,100.0,0.0,10.0,0.0,10.0,single point avg,1.0,2.0,,,,,,
186,LQSH-HSMS,OxyMed Medicated Hot Spot Shampoo,8.3735,8.6735,4.0,6.0,LV63,6,5726.0,10634.0,"Gourmand, Fruity",Viscous Liquid,Tan,Tan,Opaque,Opaque,L,4.5,5.5,,,,,8.5235,,8.5235,0.0,100.0,0.0,10.0,0.0,10.0,,,,,,,,,
187,LQSH-HY,LQ SH Honey Almond Latte SOM Jan/Feb,8.4673,8.8073,6.0,8.0,LV63,6,9800.0,18200.0,"Sweet, Cream, Honey",Semi-Viscous Liquid ,Colorless,Yellow,Clear,Hazy,P,11.48,21.32,,,,,,,,0.0,100.0,0.0,10.0,0.0,10.0,single point avg,1.0,2.0,,,,,,
188,LQSH-IS-CONC,LQ Oxymed ISmart Shampoo Concentrate,8.18,9.04,3.0,5.0,LV63,3,11500.0,26000.0,Fruity,Viscous Liquid,Violet,Violet,Clear,Hazy,P,12.07,22.41,117.5,157.5,112.5,152.5,8.61,NB Reference: PD-003-043,,0.0,100.0,0.0,10.0,0.0,10.0,Single Point Averaging,1.0,2.0,,,,,,
189,LQSH-JO,LQ Shampoo Essentials - Jojoba Oil,8.33,8.68,6.0,6.5,LV63,6,9900.0,19000.0,"Caramel, Sweet",Thick Liquid,Colorless,Off-white,Translucent,Opaque,F,8.68,16.12,133,143,N/A,N/A,8.5123,,,0.0,100.0,0.0,10.0,0.0,10.0,single point avg,1.0,2.0,,,,,,
190,LQSH-LH,LQ SH - Long Haired,8.38,8.7,6.0,8.0,LV63,3,10000.0,31000.0,Sweet Citrus,Viscous,Colorless,Tan,Slightly Hazy,Hazy,P,10.28,15.42,95,135,85,125,8.54,copied from LQPF-LHSH,,0.0,100.0,0.0,10.0,0.0,10.0,single point avg,1.0,2.0,,,,,,
191,LQSH-LH-R2,LQ Perfect Fur Long Hair Coat Shampoo,8.175,9.035,6.0,8.0,LV63,3,11000.0,21500.0,Citrus,Viscous Liquid,Colorless,Yellow-Brown,Hazy,Hazy,P,8.72,16.19,120,160,110,150,8.6049,NB Reference: PD-002-082,,0.0,100.0,0.0,10.0,0.0,10.0,Single Point Averaging,1.0,2.0,,,,,,
192,LQSH-LM-CONC,LQ TropiClean Lime & Coconut Shampoo,8.15,9.01,4.5,6.5,LV63,3,10000.0,25000.0,"Citrus, Fruity",Viscous Liquid,N/A,Colorless,Clear,Hazy,L,11.51,21.37,115,155,110,150,8.58,NB Ref: PD-002-143,,0.0,100.0,0.0,10.0,0.0,10.0,single point avg,1.0,2.0,,,,,,
193,LQSH-LM-RT,LQ Lime and Coconut Shampoo Retail,8.13,8.99,4.5,7.0,LV63,6,6000.0,12000.0,"Citrus,Fruity",Viscous Liquid,Colorless,Yellow,Clear,Hazy,L,7.27,13.49,120,160,110,150,8.56,NB REF: PD-002-060,,0.0,100.0,0.0,10.0,0.0,10.0,single point avg,1.0,2.0,,,,,,
194,LQSH-LS,LQ SH Let it Snow SOM Nov/Dec,8.4522,8.792,6.5,8.5,LV63,6,6500.0,13500.0,Sweet Mint,Semi-Viscous Liquid ,Colorless,Yellow,Clear,Hazy,P,11.52,21.4,,,,,,,,0.0,100.0,0.0,10.0,0.0,10.0,single point avg,1.0,2.0,,,,,,
195,LQSH-LV,SH Fresh & Soothing Lavish 4 in 1,8.46,8.78,6.5,8.5,LV63,6,7000.0,17000.0,"Sweet, Floral, Fruity",Viscous Liquid,Blue,Purple,Opaque,Opaque,P,,,116,143,110,133,8.62,,,0.0,100.0,0.0,10.0,0.0,10.0,single point avg,1.0,2.0,,,,,,
196,LQSH-LV-R2,SH Fresh & Soothing Lavish 4 in 1 R2,8.46,8.78,6.5,8.5,LV63,6,7000.0,17000.0,"Sweet, Floral, Fruity",Viscous Liquid,Colorless,Colorless,Clear,Hazy,P,10,13,116,143,110,133,8.62,8/22/2023 13:21,,0.0,100.0,0.0,10.0,0.0,10.0,single point avg,1.0,2.0,,,,,,
197,LQSH-MDAI-CONC,LQ Medicated Anti Itch SH Concentrate,8.2,9.06,3.0,5.0,LV63,6,6000.0,14000.0,"Fruity, Gourmand","Viscous Liquid, slight sedimentation",Colorless,Tan,Hazy,Opaque,L,12.34,22.92,105,155,110,150,8.6313,NB Ref: PD-003-019,,0.0,100.0,0.0,10.0,0.0,10.0,single point avg,1.0,2.0,,,,,,
198,LQSH-MDAI-RT,LQ Medicated Anti Itch Shampoo Retail,8.16,8.93,3.0,5.0,LV63,6,3800.0,12000.0,Fruity,Viscous Liquid,Colorless,Yellow,Hazy,Opaque,L,8.05,14.95,120,160,N/A,110,8.5944,NB Ref: PD-001-090,,0.0,100.0,0.0,10.0,0.0,10.0,single point avg,1.0,2.0,,,,,2024-08-26,Jeremy Veninga
199,LQSH-MJ,LQ SH Sparkling Mojito SOM Jul/Aug,8.48,8.82,6.0,8.0,LV63,6,8700.0,16100.0,"Lime, Mint",Semi-Viscous Liquid ,Colorless,Yellow,Clear,Hazy,P,11.44,21.24,,,,,,,,0.0,100.0,0.0,10.0,0.0,10.0,single point avg,1.0,2.0,,,,,,
200,LQSH-NC-CONC,LQ Neem & Citrus Shampoo Concentrate,8.12,8.97,5.5,7.5,N/A,N/A,,,Citrus,Water-Thin Liquid,Colorless,Yellow,Clear,Hazy,L,16.1,29.9,130,170,125,165,8.54,NB Ref: PD-001-051,,0.0,100.0,0.0,10.0,0.0,10.0,single point avg,1.0,2.0,,,,,,
201,LQSH-NC-RT,LQ Neem and Citrus Shampoo Retail,8.08,8.94,6.0,8.0,,,,,Citrus,Thin,Colorless,Yellow,Clear,Hazy,P,11.78,21.88,115,155,100,140,8.51,,,0.0,100.0,0.0,10.0,0.0,10.0,single point avg,1.0,2.0,,,,,,
202,LQSH-OAIR,SH Fresh & Soothing Oatmeal Itch Relief,8.46,8.78,6.0,8.0,LV63,6,7000.0,15000.0,"Sweet, Floral, Fruity",Semi-Viscous Liquid,Off-White,Slightly Yellow,Translucent,Hazy,P,8.39,15.51,117,139,111,132,8.62,,,0.0,100.0,0.0,10.0,0.0,10.0,single point avg,1.0,2.0,,,,,,
203,LQSH-OC,SH Fresh & Soothing Odor Control,8.46,8.78,6.0,8.0,LV63,6,7000.0,15000.0,"Fresh, Fruity",Semi-Viscous Liquid,Colorless,,Translucent,Hazy,P,9.5,13.5,120,145,115,138,8.62,,,0.0,100.0,0.0,10.0,0.0,10.0,single point avg,1.0,2.0,,,,,,
204,LQSH-PP-CONC,**name not found**,8.2,9.07,6.0,8.0,LV63,6,8000.0,18000.0,Fruity,Viscous Liquid,Colorless,Yellow,Clear,Hazy,L,6.75,12.53,120,160,115,155,8.64,NB REF: PD-002-023,,0.0,100.0,0.0,10.0,0.0,10.0,single point avg,1.0,2.0,,,,,,
205,LQSH-PPGJ,Pet Preferred Gentle Jasmine Calming SH,8.1158,8.951,6.0,8.0,LV63,6,7000.0,18000.0,"Floral, Herbaceous",Viscous Liquid,Colorless,Orange,Clear,Slightly Hazy,L,11.69,17.53,110,150,100,140,8.5249,NB ref: SH-002-040,8.5249,0.0,100.0,0.0,10.0,0.0,10.0,single point avg,1.0,2.0,,,,,,
206,LQSH-PP-HCONC,LQ Pure Plum Shampoo,8.2,9.07,6.0,8.0,LV63,6,8000.0,18000.0,Fruity,Viscous Liquid,Colorless,Yellow,Clear,Hazy,P,14.90,27.68,120,160,115,155,8.6364,,,0.0,100.0,0.0,10.0,0.0,10.0,single point avg,1.0,2.0,,,,,,
207,LQSH-PPMM,Pet Preferred Mango Sensitive Skin Shampoo,8.424,8.724,6.0,8.0,LV63,6,9450.0,17550.0,"Fruity, Mango",Viscous Liquid,Colorless,-,Clear,Hazy,F,12.5,14.5,125,125,117,117,8.574,,,0.0,100.0,0.0,10.0,0.0,10.0,single point avg,1.0,2.0,,,,,,
208,LQSH-PPPI,Pet Preferred Pineapple Deep Clean Shampoo,8.4275,8.7275,6.0,8.0,LV63,6,9000.0,16650.0,"Sweet, Pineapple",Viscous Liquid,Colorless,-,Clear,Hazy,F,12,14,134.5,134.5,124.5,124.5,8.5775,,,,,,,,,,,,,,,,,
209,LQSH-PPSNP,Pet Preferred Sun Peach Odor Control SH,8.125,8.987,6.0,8.0,LV63,6,7000.0,18000.0,Fruity,Viscous Liquid,Colorless,Yellow,Clear,Slightly Hazy,L,11.63,17.45,105,145,100,140,8.5529,NB ref: SH-002-074,8.5529,0.0,100.0,0.0,10.0,0.0,10.0,single point avg,1.0,2.0,,,,,,
210,LQSH-PR-CONC,LQ Spa Lavish Pure Shampoo Concentrate,8.12,8.974,6.0,8.0,LV63,3,9000.0,17500.0,Floral,Viscous Liquid,Colorless,Orange,Clear,Hazy,P,10.98,20.38,120,160,115,155,8.5467,NB Reference: PD-003-088,,0.0,100.0,0.0,10.0,0.0,10.0,Single Point Avg,1.0,2.0,,,,,,
211,LQSH-PR-RT,LQ Spa Pure Shampoo Retail,8.09,8.65,6.0,8.0,LV62,2.5,2000.0,10000.0,Floral,Viscous Liquid,Colorless,Yellow,Clear,Hazy,L,7.08,13.14,85,145,N/A,80,8.5245,NB Ref: PD-003-120,,0.0,100.0,0.0,10.0,0.0,10.0,single point avg,1.0,2.0,,,,,,
212,LQSH-PSBI-PM,LQ PL Brightening Shampoo PM,8.57,8.61,6.0,8.0,LV63,6,8000.0,21000.0,"Herbal, Green",Viscous Liquid,Blue,Blue,Clear,Hazy,P,,,,,,,8.59,,,0.0,100.0,0.0,10.0,0.0,10.0,single point avg,1.0,2.0,,,,,,
213,LQSH-PSBI-PM-R2,LQ PL Brightening Shampoo PM,8.14,9.0,6.0,8.0,LV63,3,12500.0,23500.0,Herbaceous,Viscous Liquid,Blue,Blue,Clear,Hazy,P,11.69,21.71,115,155,105,145,8.5721,NB Reference: PD-003-005,,0.0,100.0,0.0,10.0,0.0,10.0,Single Point Averaging,1.0,2.0,,,,,,
214,LQSH-PSBI-RT,LQ PL Brightening Shampoo RT,8.44,8.76,6.0,8.0,LV63,6,2500.0,7000.0,"Herbaceous, Fresh",Viscous,N/A,Blue,Clear,Slightly Hazy,P,8.92,13.38,135,175,125,165,8.6,,,0.0,100.0,0.0,10.0,0.0,10.0,single point avg,1.0,2.0,,,,,,
215,LQSH-PSBI-RT-R2,**name not found**,8.13,8.98,6.0,8.0,LV62,3,2500.0,7000.0,Herbaceous,Viscous Liquid,N/A,Blue,Clear,Hazy,L,6.97,12.95,100,140,95,135,8.56,NB Ref: PD-002-154,,0.0,100.0,0.0,10.0,0.0,10.0,single point avg,1.0,2.0,,,,,,
216,LQSH-PSDC-PM,LQ PL Deep Cleansing Shampoo PM,8.44,8.76,6.0,8.0,LV64,6,20000.0,65000.0,"Herbaceous, Fresh",Viscous,Colorless,Pale Yellow,Clear,Slightly Hazy,F,15.21,22.81,135,175,130,170,8.6,,,0.0,100.0,0.0,10.0,0.0,10.0,single point avg,1.0,2.0,,,,,,
217,LQSH-PSDC-PM-R2,LQ Deep Cleansing Shampoo PM R2,8.15,9.01,6.0,8.0,LV63,3,12000.0,30000.0,Herbaceous,Viscous Liquid,Colorless,Yellow,Clear,Hazy,L,11.61,21.57,110,140,105,145,8.58,NB Ref: PD-003-010,,0.0,100.0,0.0,10.0,0.0,10.0,single point avg,1.0,2.0,,,,,,
218,LQSH-PSDC-RT,LQ PL Deep Cleansing Shampoo RT,8.44,8.76,6.0,8.0,LV62,3,2500.0,7000.0,"Herbaceous, Fresh",Viscous,Colorless,Pale Yellow,Clear,Slightly Hazy,F,8.78,13.18,130,170,120,160,8.6,,,0.0,100.0,0.0,10.0,0.0,10.0,single point avg,1.0,2.0,,,,,,
219,LQSH-PSDC-RT-R2,LQ Deep Cleansing Shampoo Retail R2,8.1,8.96,6.0,8.0,LV62,3,2500.0,7000.0,Herbaceous,Viscous Liquid,Colorless,Yellow,Clear,Hazy,L,7.05,13.09,100,140,90,130,8.5332,NB Ref: PD-003-036,,0.0,100.0,0.0,10.0,0.0,10.0,single point avg,1.0,2.0,,,,,,
220,LQSH-PSHA-PM,LQ PL Hypo-Allergenic/Puppy Shampoo PM,8.47,8.79,6.0,8.0,LV63,6,7000.0,18000.0,Odorless,Viscous,Colorless,Pale Yellow,Clear,Slightly Hazy,F,13.77,20.65,135,175,125,165,8.63,,,0.0,100.0,0.0,10.0,0.0,10.0,single point avg,1.0,2.0,,,,,,
221,LQSH-PSHA-PM-R2,**name not found**,8.08,8.94,6.0,8.0,LV63,6,9000.0,20000.0,No Added Fragrance,Viscous Liquid,Colorless,Yellow,Clear,Hazy,L,11.55,21.45,125,165,117,157,8.54,NB REF: PD-001-156,,0.0,100.0,0.0,10.0,0.0,10.0,single point avg,1.0,2.0,,,,,,
222,LQSH-PSHA-RT,LQ PL Hypo-Allergenic Shampoo RT,8.37,8.69,6.0,8.0,LV63,6,7000.0,13000.0,No added fragrance,Semi-Viscous Liquid,N/A,colorless,Clear,Hazy,P,8.43,15.65,N/A,N/A,N/A,N/A,8.5724,7/3/2023 7:49,,0.0,100.0,0.0,10.0,0.0,10.0,single point avg,1.0,2.0,,,,,,
223,LQSH-PSLS-PM,LQ PL Lustrous Coat Shampoo PM,8.43,8.75,6.0,8.0,LV63,6,7000.0,18000.0,"Herbaceous, Fresh",Viscous,"White, Pearlescent","Off White, Pearlescent",N/A,Opaque,P,14.09,21.13,140,180,130,170,8.59,,,0.0,100.0,0.0,10.0,0.0,10.0,single point avg,1.0,2.0,,,,,,
224,LQSH-PSLS-PM-R2,**name not found**,8.14,9.0,6.0,8.0,LV63,6,6000.0,13000.0,Herbaceous,Viscous Liquid,"White, Pearlescent","Off-White, Pearlescent",,Opaque,L,12.32,22.88,123,163,113,153,8.57,NB REF: PD-002-004,,0.0,100.0,0.0,10.0,0.0,10.0,single point avg,1.0,2.0,,,,,,
225,LQSH-PSLS-RT,LQ PL Lustrous Coat Shampoo RT,8.41,8.73,6.0,8.0,LV62,3,2500.0,7000.0,"Herbaceous, Fresh",Viscous,"White, Pearlescent","Off White, Pearlescent",N/A,Opaque,F,9.34,14.00,125,165,120,160,8.57,,,0.0,100.0,0.0,10.0,0.0,10.0,single point avg,1.0,2.0,,,,,,
226,LQSH-PSLS-RT-R2,LQ PL Lustrous Coat Shampoo RT,8.14,8.99,6.0,8.0,LV62,3,2500.0,7000.0,Herbaceous,Viscous Liquid,"White, Pearlescent","Off-White, Pearlescent",Opaque,Opaque,P,7.91,14.69,115,155,105,145,8.5662,NB Reference: PD-001-134,,0.0,100.0,0.0,10.0,0.0,10.0,Single Point Averaging,1.0,2.0,,,,,,
227,LQSH-PSMS-RT,LQ PL Moisturizing Shampoo RT,8.47,8.79,6.0,8.0,LV63,6,7700.0,14300.0,"Herbal, Green",Semi-Viscous Liquid,N/A,N/A,Clear,Hazy,P,8.75,16.25,N/A,N/A,N/A,N/A,8.6265,,,0.0,100.0,0.0,10.0,0.0,10.0,single point avg,1.0,2.0,,,,,,
228,LQSH-PSSN-RT,LQ PL Sensitive Skin Shampoo RT,8.4,8.72,3.0,5.0,LV62,3,3500.0,8500.0,"Herbaceous, Fresh",Viscous,Colorless,Pale Yellow,Slightly Hazy,Hazy,F,10.18,15.26,135,175,125,165,8.56,,,0.0,100.0,0.0,10.0,0.0,10.0,single point avg,1.0,2.0,,,,,,
229,LQSH-PSSN-RT-R2,**name not found**,8.13,8.99,3.5,5.5,LV62,3,3500.0,8500.0,Herbaceous,Viscous Liquid,Colorless,Yellow,Clear,Hazy,L,8.48,15.74,105,145,95,135,8.56,NB Ref: PD-002-155,,0.0,100.0,0.0,10.0,0.0,10.0,single point avg,1.0,2.0,,,,,,
230,LQSH-PSSR-PM,LQ PL Shed Reducing Shampoo PM,8.43,8.75,6.0,8.0,LV63,6,4000.0,18000.0,"Herbaceous, Fresh",Viscous,Colorless,Pale Yellow,Clear,Slightly Hazy,F,13.50,20.24,130,170,125,165,8.59,,,0.0,100.0,0.0,10.0,0.0,10.0,single point avg,1.0,2.0,,,,,,
231,LQSH-PSSR-PM-R2,LQ Shed Reducing Shampoo Concentrate,8.15,9.01,6.0,8.0,LV63,6,4000.0,18000.0,Herbaceous,Viscous Liquid,Colorless,Yellow,Clear,Hazy,L,11.26,20.9,125,165,120,160,8.58,NB Ref: PD-002-003,,0.0,100.0,0.0,10.0,0.0,10.0,single point avg,1.0,2.0,,,,,,
232,LQSH-PSSR-RT,LQ PL Shed Reducing Shampoo RT,8.44,8.76,6.0,8.0,LV62,3,2500.0,7000.0,"Herbaceous, Fresh",Viscous,Colorless,Pale Yellow,Clear,Slightly Hazy,F,8.94,13.40,130,170,125,165,8.6,,,0.0,100.0,0.0,10.0,0.0,10.0,single point avg,1.0,2.0,,,,,,
233,LQSH-PSSR-RT-R2,**name not found**,8.13,8.98,6.0,8.0,LV62,3,2500.0,7000.0,Herbaceous,Viscous Liquid,Colorless,Yellow,Clear,Hazy,L,7.53,13.98,115,155,105,145,8.55,NB Ref: PD-002-157,,0.0,100.0,0.0,10.0,0.0,10.0,single point avg,1.0,2.0,,,,,,
234,LQSH-PSST-PM,LQ PL Oatmeal Soothing Shampoo PM,8.44,8.76,6.0,8.0,LV63,6,7000.0,18000.0,"Herbaceous, Fresh",Viscous,"White, Pearlescent","Off White, Pearlescent",N/A,Opaque,P,14.28,21.42,130,170,125,165,8.6,,,0.0,100.0,0.0,10.0,0.0,10.0,single point avg,1.0,2.0,,,,,,
235,LQSH-PSST-PM-R2,**name not found**,8.14,9.0,6.0,8.0,LV63,6,6000.0,18000.0,"Sweet, Floral, Fruity",Viscous Liquid,"White, Pearlescent","Off-White, Pearlescent",N/A,Opaque,L,11.84,21.89,110,150,105,145,8.5727,NB Ref: PD-003-037,,0.0,100.0,0.0,10.0,0.0,10.0,single point avg,1.0,2.0,,,,,,
236,LQSH-PSST-RT,LQ PL Deodorizing & Soothing Shampoo RT,8.4,8.72,6.0,8.0,LV62,3,2500.0,7000.0,"Herbaceous, Fresh",Viscous,"White, Pearlescent","Off White, Pearlescent",N/A,Opaque,F,9.28,13.92,135,175,130,170,8.56,,,0.0,100.0,0.0,10.0,0.0,10.0,single point avg,1.0,2.0,,,,,,
237,LQSH-PSST-RT-R2,**name not found**,8.06,8.92,6.0,8.0,LV62,3,2500.0,7000.0,Herbaceous,Viscous Liquid,"Pearlescent, White","Pearlescent, Off-White",N/A,Opaque,L,7.87,14.61,115,155,105,145,8.49,NB Ref: PD-001-128,,0.0,100.0,0.0,10.0,0.0,10.0,single point avg,1.0,2.0,,,,,,
238,LQSH-PSWS-RT,LQ PL Waterless Shampoo RT,8.15,8.47,6.0,8.0,N/A,N/A,,,"Herbal, Green",Water-thin Liquid,N/A,N/A,Clear,Hazy,P,1.16,2.15,N/A,N/A,N/A,N/A,8.3051,,,0.0,100.0,0.0,10.0,0.0,10.0,single point avg,1.0,2.0,,,,,,
239,LQSH-PY-CONC,LQ TropiClean Papaya Coconut Shampoo,8.19,9.06,6.0,8.0,LV63,3,12000.0,23000.0,Fruity,Viscous Liquid,Colorless,Orange,Clear,Hazy,L,11.77,21.87,115,155,111,151,8.62,NB Ref: PD-002-111,,0.0,100.0,0.0,10.0,0.0,10.0,single point avg,1.0,2.0,,,,,,
240,LQSH-PY-RT,LQ Papaya and Coconut Shampoo Retail,8.16,9.02,6.0,8.0,LV63,6,7000.0,14000.0,Fruity,Viscous Liquid,Colorless,Orange,Clear,Hazy,L,7.64,14.18,109,149,104,144,8.59,NB REF: PD-002-110,,0.0,100.0,0.0,10.0,0.0,10.0,single point avg,1.0,2.0,,,,,,
241,LQSH-PYWS,LQ SH Papaya & Coconut Waterless,8.17,8.49,6.5,8.5,N/A,N/A,,,"Fruity, Sweet",Water Thin,N/A,Colorless,Clear,Hazy,F,1.088,1.632,N/A,N/A,N/A,N/A,8.34,copied from LQTR-PYWS,,0.0,100.0,0.0,10.0,0.0,10.0,single point avg,1.0,2.0,,,,,,
242,LQSH-RN-CONC,LQ Spa Lavish Renew Shampoo Concentrate,8.172,9.032,6.0,8.0,LV63,3,11500.0,21000.0,Floral,Viscous Liquid,"Orange, Pearlescent","Orange, Pearlescent",Opaque,Opaque,P,12.59,23.37,117.5,157.5,107.5,147.5,8.6019,NB Reference: PD-003-078,,0.0,100.0,0.0,10.0,0.0,10.0,Single Point Avg,1.0,2.0,,,,,,
243,LQSH-RN-RT,LQ Spa Lavish Renew Shampoo Retail,8.168,9.027,6.0,8.0,LV63,3,16000.0,29500.0,Floral,Viscous Liquid,"Orange, Pearlescent","Orange, Pearlescent",Opaque,Opaque,P,9.25,17.19,90,130,80,120,8.5976,NB Reference: PD-003-139,,0.0,100.0,0.0,10.0,0.0,10.0,Single Point Avg,1.0,2.0,,,,,,
244,LQSH-RS,SH Rose Water,8.47,8.79,6.0,8.0,LV63,6,7000.0,13000.0,Floral,Viscous,Colorless,Yellow,Clear,Hazy,P,9.87,18.33,118,155,111,151,8.63,5/1/2023 14:48,,0.0,100.0,0.0,10.0,0.0,10.0,single point avg,1.0,2.0,,,,,,
245,LQSH-SBLA,F&S Long Lasting- Lavender Escape Calming SH,8.1814,9.0426,5.55,7.55,LV63,6,6240.0,11600.0,Herbaceous,Viscous Liquid,Colorless,Colorless,Clear,Hazy,L,11,16.5,105,145,100,140,8.612,NB Ref: SH-002-049,,0.0,100.0,0.0,10.0,0.0,10.0,single point avg,1.0,2.0,,,,,,
246,LQSH-SBSSU,F&S Long Lasting- Sweet Summer Deep Cleansing SH,8.2347,9.1015,5.5,8.0,LV63,6,3500.0,12000.0,"Fruity, Floral",Viscous Liquid,Colorless,Slightly Yellow,Clear,Hazy,L,11.24,16.86,100,140,90,130,8.6681,NB Ref: SH-002-047,,0.0,100.0,0.0,10.0,0.0,10.0,single point avg,1.0,2.0,,,,,,
247,LQSH-SBTZ,F&S Long Lasting- Tropical Breeze Odor Defense SH,8.2347,9.1015,5.5,8.0,LV63,6,5000.0,16000.0,"Fruity, Floral",Viscous Liquid,Colorless,Slightly Yellow,Clear,Clear,L,10.94,16.4,100,140,95,135,8.6681,NB Ref: SH-002-066,,0.0,100.0,0.0,10.0,0.0,10.0,single point avg,1.0,2.0,,,,,,
248,LQSH-SC,Tropiclean Mass - 2-IN-1 Shed Control Shampoo & Conditioner,8.1895,9.0516,5.0,7.0,63,6,7000.0,13000.0,"Fruity, Citrus",Viscous ,"White-Off White, Pearlescent",Yellow,Opaque,Opaque,L,10.56,15.68,100,130,90,120,8.6206,,8.6206,0.0,100.0,0.0,10.0,0.0,10.0,,,,,,,,,
249,LQSH-SD,LQ SH - Short Double,8.38,8.7,6.0,8.0,LV63,3,12000.0,25000.0,Sweet Citrus,Viscous,Colorless,Tan,Slightly Hazy,Hazy,F,10.232,15.348,105,145,100,140,8.54,,,0.0,100.0,0.0,10.0,0.0,10.0,single point avg,1.0,2.0,,,,,,
250,LQSH-SD-R2,LQ Perfect Fur Short Double Coat Shampoo,8.178,9.053,6.0,8.0,LV63,3,12500.0,24000.0,Citrus,Viscous Liquid,Colorless,Yellow-Brown,Hazy,Hazy,P,8.62,16,105,145,100,140,8.6154,NB Reference: PD-001-035,,0.0,100.0,0.0,10.0,0.0,10.0,Single Point Averaging,1.0,2.0,,,,,,
251,LQSH-SK,LQ Deodorizing Skunk SH,8.4654,8.7654,6.0,8.0,LV63,30,1308.0,6500.0,"Gourmand, Almond, Linen",Viscous Liquid,Colorless,Light Yellow,Clear,Clear,L,19.4,20.4,130,153,122,140,8.6154,Ref: CK-009-141,,,,,,,,,,,,,,,,
252,LQSH-SM,LQ SH - Smooth,8.38,8.7,6.0,8.0,LV63,3,14000.0,28000.0,Sweet Citrus,Viscous,Colorless,Tan,Slightly Hazy,Hazy,P,10.352,15.528,125,165,120,160,8.54,copied from LQPF-SMSH,,0.0,100.0,0.0,10.0,0.0,10.0,single point avg,1.0,2.0,,,,,,
253,LQSH-SM-HCONC,LQ HC Sweet Mandarin Shampoo,8.11,8.97,6.0,8.0,LV63,6,7000.0,16000.0,Citrus,Viscous Liquid,Colorless,Yellow,Clear,Hazy,L,14.35,26.65,130,170,125,165,8.54,NB REF: PD-002-027,,0.0,100.0,0.0,10.0,0.0,10.0,single point avg,1.0,2.0,,,,,,
254,LQSH-SM-R2,LQ Perfect Fur Smooth Coat Shampoo,8.179,9.04,6.0,8.0,LV63,3,14000.0,25500.0,Citrus,Viscous Liquid,Colorless,Yellow-Brown,Hazy,Hazy,P,8.77,16.29,115,155,105,145,8.6097,NB Reference: PD-002-089,,0.0,100.0,0.0,10.0,0.0,10.0,Single Point Averaging,1.0,2.0,,,,,,
255,LQSH-SN,LQ FS Sensitive Skin Hypo-Allergenic Sh,8.17,9.03,6.0,8.0,LV63,6,5000.0,15000.0,Floral,Viscous Liquid,Colorless,Yellow,Clear,Hazy,L,7.88,14.63,105,145,N/A,95,8.6009,NB Ref: PD-003-117,,0.0,100.0,0.0,10.0,0.0,10.0,single point avg,1.0,2.0,,,,,,
256,LQSH-ST,LQ Shampoo Essentials - Shea Butter,8.33,8.67,6.0,6.5,LV63,3,8000.0,32500.0,"Sweet, Musk",Thick Liquid,White,Off-white,Translucent,Opaque,F,7.4,14.7,133,143,N/A,N/A,8.4955,,,0.0,100.0,0.0,10.0,0.0,10.0,single point avg,1.0,2.0,,,,,,
257,LQSH-SW,LQ SH Spring Showers SOM March/Apr,8.47,8.81,6.0,8.0,LV63,3,7900.0,14800.0,Fresh Rain ,Semi-Viscous Liquid ,Colorless,Yellow,Clear,Hazy,P,12.03,23.36,,,,,,,,0.0,100.0,0.0,10.0,0.0,10.0,single point avg,1.0,2.0,,,,,,
258,LQSH-TD,LQ SH - Thick Double,8.38,8.7,6.0,8.0,LV63,3,8000.0,18000.0,Sweet Citrus,Viscous,Colorless,Tan,Slightly Hazy,Hazy,F,10.48,15.72,120,160,110,150,8.54,copied from LQPF-TDSH,,0.0,100.0,0.0,10.0,0.0,10.0,single point avg,1.0,2.0,,,,,,
259,LQSH-TD-R2,LQ Perfect Fur Thick Double Coat Shampoo,8.174,9.034,6.0,8.0,LV63,3,8000.0,18000.0,Citrus,Viscous Liquid,Colorless,Yellow-Brown,Hazy,Hazy,P,9.18,17.06,102.5,142.5,92.5,132.5,8.6042,NB Reference: PD-003-155,,0.0,100.0,0.0,10.0,0.0,10.0,Single Point Averaging,1.0,2.0,,,,,,
260,LQSH-TT-CONC,LQ Oatmeal Tea Tree Shampoo Concentrate,8.2,9.06,3.0,5.0,LV63,6,9500.0,18500.0,Herbaceous,Viscous Liquid,Colorless,Yellow,Clear,Hazy,L,12.13,22.53,130,170,120,160,8.63,NB REF: PD-001-063,,0.0,100.0,0.0,10.0,0.0,10.0,single point avg,1.0,2.0,,,,,,
261,LQSH-TT-RT,LQ Oatmeal and Tea Tree Shampoo Retail,8.18,9.04,3.0,5.0,LV63,6,8000.0,15600.0,Herbaceous,Viscous Liquid,Colorless,Yellow,Clear,Hazy,P,8.66,16.08,117,157,109,149,8.61,,,0.0,100.0,0.0,10.0,0.0,10.0,single point avg,1.0,2.0,,,,,,
262,LQSH-TXCG,LQ Shampoo Texture Theory Cleansing,8.33,8.64,5.0,6.0,LV63,1.5,32000.0,48000.0,"Fruity, Berry",Viscous,N/A,White,N/A,Opaque,P,10,13,N/A,N/A,N/A,N/A,8.42001,,,0.0,100.0,0.0,10.0,0.0,10.0,single point avg,1.0,2.0,,,,,,
263,LQSH-WA,SH Watermelon,8.59,9.06,6.0,8.0,LV63,6,7000.0,15000.0,Fruity,Viscous,Colorless,Yellow,Clear,Hazy,P,9.59,17.81,118,158,110,130,8.63,5/15/2023 8:12,,0.0,100.0,0.0,10.0,0.0,10.0,single point avg,1.0,2.0,,,,,,
264,LQSH-WA-CONC,SH Watermelon Concentrate,8.1508,9.0088,6.0,8.0,LV63,3,10000.0,25000.0,Fruity,Viscous Liquid,Colorless,Colorless,Clear,Clear,L,13.544,20.316,115,155,105,145,8.5798,NB ref: SH-002-160,8.5798,0.0,100.0,0.0,10.0,0.0,10.0,single point avg,1.0,2.0,,,,,,
265,LQSH-WAWS,Tropiclean Watermelon Waterless Shampoo,7.903,8.7348,6.5,8.5,,,,,"Fruity, Watermelon",Water Thin,N/A,Colorless,Clear,Hazy,L,1.071,1.989,N/A,N/A,N/A,N/A,8.3189,,BW-003-067,0.0,100.0,0.0,10.0,0.0,10.0,single point avg,1.0,2.0,,,,,,
266,LQSH-WC-CONC,LQ Spa Lavish White Coat Shampoo Concentrate,8.174,9.034,5.0,7.0,LV63,3,10500.0,22000.0,Floral,Viscous Liquid,"Blue, Pearlescent","Blue, Pearlescent",Opaque,Opaque,P,12.63,23.45,115,155,106,146,8.604,NB Reference: PD-003-077,,0.0,100.0,0.0,10.0,0.0,10.0,Single Point Avg,1.0,2.0,,,,,,
267,LQSH-WC-RT,LQ Spa Lavish White Coat Shampoo Retail,8.155,9.013,6.0,8.0,LV63,3,12500.0,23000.0,Floral,Viscous Liquid,"Blue, Pearlescent","Blue, Pearlescent",Opaque,Opaque,P,9.11,16.91,102.5,142.5,97.5,137.5,8.5838,NB Reference: PD-003-145,,0.0,100.0,0.0,10.0,0.0,10.0,Single Point Avg,1.0,2.0,,,,,,
268,LQSH-WHT,LQ Spirulina Whitening SH,8.4719,8.7719,6.0,8.0,63,6,4656.0,6984.0,"Aquatic, Fresh",Viscous Liquid,Light Blue,Purple,Opaque,Opaque,L,11.5,12.5,,,,,8.6219,Ref: CK-009-146,,,,,,,,,,,,,,,,
269,LQSH-YF,LQ Shampoo Essentials - Yuzu Fruit,8.33,8.68,6.0,6.5,LV63,3,10000.0,37000.0,"Citrus, Sweet",Thick Liquid,Colorless,Yellow,Clear,Hazy,F,8,14.9,133,143,N/A,N/A,8.5057,,,0.0,100.0,0.0,10.0,0.0,10.0,single point avg,1.0,2.0,,,,,,
270,LQSP-BEOC,LQ- Oral Care Spray Berry Fresh for Dogs,8.49,8.81,3.0,4.0,N/A,N/A,,,"Fruity, Fresh",Water Thin,Colorless,Pale Yellow,Clear,Clear,P,15.68,23.52,N/A,N/A,N/A,N/A,,,,0.0,100.0,0.0,10.0,0.0,10.0,single point avg,1.0,2.0,,,,,,
271,LQSP-CI,LQ SP Citrus Splash SOM May/Jun,8.09,8.43,6.0,8.0,N/A,N/A,,,"Sweet, Citrus",Water-Thin Liquid,Colorless,Yellow,Clear,Hazy,P,0.88,1.64,,,,,,,,0.0,100.0,0.0,10.0,0.0,10.0,single point avg,1.0,2.0,,,,,,
272,LQSP-CMSH,LQ Spa Lavish Comfort Shampoo,8.48,8.8,5.0,7.0,LV63,2.5,10000.0,22000.0,Fruity,Liquid,N/A,Green,N/A,Opaque,F,16.70,25.04,125,165,115,155,8.6,,,0.0,100.0,0.0,10.0,0.0,10.0,single point avg,1.0,2.0,,,,,,
273,LQSP-CMSH-RT,LQ Spa Lavish Comfort Shampoo Retail,8.46,8.78,6.3,7.3,LV63,2.5,7000.0,22000.0,Fruity,Liquid,N/A,Green,N/A,Opaque,F,13.33,19.99,135,175,125,165,8.6,,,0.0,100.0,0.0,10.0,0.0,10.0,single point avg,1.0,2.0,,,,,,
274,LQSP-CMSP,LQ Spa Lavish Comfort Cologne,8.13,8.45,2.0,4.5,N/A,N/A,,,Fruity,Water Thin,N/A,Green,Clear,Hazy,F,2.66,4.00,N/A,N/A,N/A,N/A,8.3,,,0.0,100.0,0.0,10.0,0.0,10.0,single point avg,1.0,2.0,,,,,,
275,LQSP-CWDTDG,LQ Chew Deterrent Dog Spray,8.0958,8.3958,3.5,4.2,N/a,N/a,,,"Spicy, Floral",Water Thin,Orange,Orange,Clear,Clear,L,,,N/a,N/a,N/a,N/a,8.2458,Ref. ARD-002-124,,,,,,,,,,,,,,,,
276,LQSP-CWDTHM,LQ Chew Deterrent Home Spray,8.0955,8.3955,3.5,4.2,N/a,N/a,,,"Spicy, Floral",Water Thin,Orange,Orange,Clear,Clear,L,,,N/a,N/a,N/a,N/a,8.2455,Ref. CK-009-078,,,,,,,,,,,,,,,,
277,LQSP-CWDTPP,LQ Puppy Chew Deterrent,8.1904,8.4904,3.5,4.5,,,,,"Herbal, Pepper",Water Thin,Orange,Orange,Clear,Clear,L,1,1.9,,,,,8.3404,,,,,,,,,,,,,,,,,
278,LQSP-EBE,TropiClean Berry Deodorizing Spray,8.2091,8.5061,6.0,8.0,,,,,Sweet Berry,Water Thin,Clear,Light Blue,Clear,Hazy,L,1.77,2.77,,,,,8.3591,,8.3591,0.0,100.0,0.0,10.0,0.0,10.0,,,,,,,,,
279,LQSP-EBF,TropiClean Baby Fresh Deodorizing Spray,8.168,8.468,6.0,8.0,,,,,Baby Powder,Water Thin,Clear,Light Blue,Clear,Haxy,L,1.56,2.56,,,,,8.318,,8.318,0.0,100.0,0.0,10.0,0.0,10.0,,,,,,,,,
280,LQSP-EBP,Endurascent Blackberry Pear Deo SP,7.8868,8.717,5.5,8.5,N/A,N/A,,,Fruity,Water-Thin Liquid,Colorless,Yellow,Clear,Hazy,L,2.776,4.164,N/A,N/A,N/A,N/A,8.3019,Reference: SH-003-056,8.3019,0.0,100.0,0.0,10.0,0.0,10.0,single point avg,1.0,2.0,,,,,,
281,LQSP-EMW,LQ TC Endurascent Mango Kiwi Spray,7.904,8.736,5.5,8.0,,,,,Fruity,Water-Thin Liquid,Colorless,Yellow,Clear,Slightly Hazy,L,2.31,3.47,,,,,8.3203,NB Ref: SH-002-132,,0.0,100.0,0.0,10.0,0.0,10.0,,,,,,,,,
282,LQSP-EPI,LQ TC Endurascent Pineapple Spray,7.9014,8.7331,5.5,8.0,,,,,Fruity,Water-Thin Liquid,Colorless,Yellow,Clear,Hazy,L,2.24,3.36,,,,,8.3173,NB Ref: SH-002-133,,0.0,100.0,0.0,10.0,0.0,10.0,,,,,,,,,
283,LQSP-EPY,TropiClean Papaya and Coconut Deodorizing Spray,8.2366,8.5366,6.0,8.0,,,,,Fruity,Water Thin,Clear,Light Blue,Clear,Haxy,L,2.28,3.28,,,,,8.3866,,8.3866,0.0,100.0,0.0,10.0,0.0,10.0,,,,,,,,,
284,LQSP-ERBL,LQ TC Endurascent Raspberry Lime Deodorizing Spray,7.9002,8.7318,5.5,8.0,,,,,Fruity,Water-Thin Liquid,Colorless,Yellow,Clear,Slightly Hazy,L,2.6,3.9,,,,,8.3098,NB Ref: SH-002-147,,0.0,100.0,0.0,10.0,0.0,10.0,,,,,,,,,
285,LQSP-EWA ,TropiClean Watermelon Deodorizing Spray,8.2428,8.5428,6.0,8.0,,,,,"Fruity, Watermelon",Water Thin,Clear,Light Blue,Clear,Haxy,L,2.65,3.65,,,,,8.3928,,8.3928,0.0,100.0,0.0,10.0,0.0,10.0,,,,,,,,,
286,LQSP-FA,LQ SP Fall Harvest SOM Sep/Oct,8.09,8.43,6.0,8.0,N/A,N/A,,,Spice Apple,Water-Thin Liquid,Colorless,Yellow,Clear,Hazy,P,0.88,1.63,,,,,,,,0.0,100.0,0.0,10.0,0.0,10.0,single point avg,1.0,2.0,,,,,,
287,LQSP-FHSH,LQ Spa Lavish For Him Shampoo,8.47,8.79,5.0,7.0,LV63,2.5,6000.0,30000.0,Musk,Liquid,N/A,Brown,N/A,Opaque,F,15.42,23.12,135,175,125,165,8.6,"COA vis range was 6,000 - 30000",,0.0,100.0,0.0,10.0,0.0,10.0,single point avg,1.0,2.0,,,,,,
288,LQSP-FHSH-RT,LQ Spa Lavish For Him Shampoo Retail,8.46,8.78,6.3,7.0,LV63,2.5,7000.0,21000.0,Musk,Liquid,N/A,Brown,N/A,Opaque,F,13.59,20.39,130,170,125,165,8.6,,,0.0,100.0,0.0,10.0,0.0,10.0,single point avg,1.0,2.0,,,,,,
289,LQSP-FHSP,LQ Spa Lavish For Him Cologne,8.13,8.45,2.0,4.5,N/A,N/A,,,Musk,Water Thin,N/A,Brown,Clear,Hazy,F,3.20,4.80,N/A,N/A,N/A,N/A,8.3,,,0.0,100.0,0.0,10.0,0.0,10.0,single point avg,1.0,2.0,,,,,,
290,LQSP-FRSH,LQ Spa Lavish Fresh Shampoo,8.51,8.83,6.0,7.5,LV63,2.5,8000.0,20000.0,Floral,Liquid,N/A,Blue,N/A,Opaque,F,15.42,23.12,135,175,125,165,8.6,,,0.0,100.0,0.0,10.0,0.0,10.0,single point avg,1.0,2.0,,,,,,
291,LQSP-FRSH-RT,LQ Spa Lavish Fresh Shampoo Retail,8.51,8.83,6.0,7.5,LV63,2.5,7000.0,20000.0,Floral,Liquid,N/A,Blue,N/A,Opaque,F,13.62,20.42,130,170,120,160,8.6,,,0.0,100.0,0.0,10.0,0.0,10.0,single point avg,1.0,2.0,,,,,,
292,LQSP-FRSP,LQ Spa Lavish Fresh Deod Cologne,8.14,8.46,2.0,4.5,N/A,N/A,,,Exotic,Water Thin,N/A,Light Blue,Clear,Hazy,F,2.88,4.32,N/A,N/A,N/A,N/A,8.3,,,0.0,100.0,0.0,10.0,0.0,10.0,single point avg,1.0,2.0,,,,,,
293,LQSP-FTCT,LQ Natural Flea & Tick Cat SP,8.3115,8.6115,4.0,6.0,,,,,"Cedarwood, Rosemary",Water Thin,Colorless,Pale Yellow,Clear,Clear,L,4.5,5.5,28,30,8,10,8.4615,Ref. CK-009-098 & NS-002-002,,,,,,,,,,,,,,,,
294,LQSP-HS,OxyMed Medicated Hot Spot Spray,8.3367,8.6367,4.0,5.0,,,,,"Fruity, Gourmand",Water Thin,Colorless,Colorless,Clear,Clear,L,8.17,9.17,,,,,8.4867,,8.4867,0.0,100.0,0.0,10.0,0.0,10.0,,,,,,,,,
295,LQSP-HY,LQ SP Honey Almond Latte SOM Jan/Feb,8.09,8.43,6.0,8.0,N/A,N/A,,,"Sweet, Cream, Honey",Water-Thin Liquid,Colorless,Yellow,Clear,Hazy,P,0.89,1.65,,,,,,,,0.0,100.0,0.0,10.0,0.0,10.0,single point avg,1.0,2.0,,,,,,
296,LQSP-IA,Itch and Allergy Spray,8.3,8.9,5.0,7.0,62,12,500.0,1500.0,Characeteristic,Slightly Viscous Liquid,Off White,Beige,Cloudy,Opaque,L,9,13,N/A,N/A,N/A,N/A,8.6356,Ref: SH-004-062,8.6356,,,,,,,Single Point Average,1.0,2.0,,,,,,
297,LQSP-JO,LQ Spray Essentials- Jojoba Oil,8.18,8.52,6.0,8.0,N/A,N/A,,,"Sweet, Caramel",Water Thin,Colorless,Yellow,Clear,Hazy,F,1.5,2.8,N/A,N/A,N/A,N/A,8.3579,,,0.0,100.0,0.0,10.0,0.0,10.0,single point avg,1.0,2.0,,,,,,
298,LQSP-KTQC,LQ Spray Kaytee Quick Clean,8.15,8.47,6.0,8.0,N/A,N/A,,,"Fruity, Floral",Water Thin,N/A,Blue,Clear,Hazy,F,0.59,0.89,N/A,N/A,N/A,N/A,8.3,,,0.0,100.0,0.0,10.0,0.0,10.0,single point avg,1.0,2.0,,,,,,
299,LQSP-LM,LQ Lime and Coconut Deodorizing Spray,8.11,8.43,6.0,8.0,N/a,N/a,,,"Fruity, Citrus",Water Thin,Colorless,Blue,Clear,Hazy,L,1.7,2.56,N/a,N/a,N/a,N/a,8.27,,,,,,,,,,,,,,,,,
300,LQSP-LS,LQ SP Let it Snow SOM Nov/Dec,8.09,8.43,6.0,8.0,N/A,N/A,,,Sweet Mint,Water-Thin Liquid,Colorless,Yellow,Clear,Hazy,P,0.78,1.44,,,,,,,,0.0,100.0,0.0,10.0,0.0,10.0,single point avg,1.0,2.0,,,,,,
301,LQSP-MI,Tropiclean Mass - Medicated Itch Relief Spray ,8.0185,8.6862,4.0,6.0,,,,,"Herbaceous, Floral ",Water-Thin,Tan,Tan,Opaque,Hazy,L,3.213,5.967,,,,,8.4406,,8.4406,0.0,100.0,0.0,10.0,0.0,10.0,,,,,,,,,
302,LQSP-MJ,LQ SP Sparkling Mojito SOM Jul/Aug,8.09,8.43,6.0,8.0,N/A,N/A,,,"Lime, Mint",Water-Thin Liquid,Colorless,Yellow,Clear,Hazy,P,0.83,1.55,,,,,,,,0.0,100.0,0.0,10.0,0.0,10.0,single point avg,1.0,2.0,,,,,,
303,LQSP-MNOCFM,LQ-Oral Care Foam/Spray for Dogs,8.6049,8.7105,3.0,4.0,N/A,N/A,,,Fresh,Water Thin,Colorless,Pale Yellow,Clear,Clear,F,16.16,24.24,N/A,N/A,N/A,N/A,8.66,,,0.0,100.0,0.0,10.0,0.0,10.0,single point avg,1.0,2.0,,,,,,
304,LQSP-NRCD,LQ Spa Lavish Nourish Conditioner,7.85,8.17,5.0,6.5,LV63,2.5,10000.0,22000.0,Floral,Viscous,Pale Yellow,Yellow,N/A,Opaque,F,3.72,5.58,N/A,N/A,N/A,N/A,8.3,,,0.0,100.0,0.0,10.0,0.0,10.0,single point avg,1.0,2.0,,,,,,
305,LQSP-PBOC,LQ-Oral Care Spray Peanut Butter for Dog,8.49,8.81,3.0,4.0,N/A,N/A,,,"Gourmand, Fruity",Water Thin,Colorless,Pale Yellow,Clear,Clear,P,16.08,24.12,N/A,N/A,N/A,N/A,8.65,,,0.0,100.0,0.0,10.0,0.0,10.0,single point avg,1.0,2.0,,,,,,
306,LQSP-PFTR,LQ SP - PF Tangle Remover,8.21,8.53,6.0,8.0,N/A,N/A,,,Sweet Citrus,Water Thin,Colorless,Tan,Clear,Hazy,F,1.552,2.328,N/A,N/A,N/A,N/A,8.37,copied from LQPF-TRSP,,0.0,100.0,0.0,10.0,0.0,10.0,single point avg,1.0,2.0,,,,,,
307,LQSP-PPPI,Pet Preferred Pineapple Leave in Conditioner Spray,8.2246,8.5246,5.0,7.0,N/A,,,,"Sweet, Pineapple",Water Thin,Yellow,Orange,Clear,Clear,L,2,3,N/A,N/A,N/A,N/A,8.3746,,,0.0,100.0,0.0,10.0,0.0,10.0,single point avg,1.0,2.0,,,,,,
308,LQSP-PPSH,LQ Spa Lavish Paw & Pad Treatment,8.1,8.42,2.0,4.0,LV63,2.5,10000.0,35000.0,"Fresh, Fruity",Viscous,Light Blue,Green,N/A,Opaque,F,6.66,9.98,N/A,N/A,N/A,N/A,,,,0.0,100.0,0.0,10.0,0.0,10.0,single point avg,1.0,2.0,,,,,,
309,LQSP-PPSNP,Pet Preferred Deodorizing Spray- Sunny Peach,7.871,8.7,6.0,8.0,N/A,N/A,,,"Fruity, Peach",Water Thin,Colorless,Light Blue,Clear,Hazy,L,0.959,1.781,N/A,N/A,N/A,N/A,8.2853,,,0.0,100.0,0.0,10.0,0.0,10.0,single point avg,1.0,2.0,,,,,,
310,LQSP-PRSH,LQ Spa Lavish Pure Shampoo Concentrated,8.43,8.75,6.0,8.0,LV63,2.5,5000.0,16000.0,"Floral, Fresh",Viscous,N/A,Colorless,Clear,Hazy,F,13.20,19.80,140,180,130,170,8.6,,,0.0,100.0,0.0,10.0,0.0,10.0,single point avg,1.0,2.0,,,,,,
311,LQSP-PRSH-RT,LQ SP Pure Shampoo Retail,8.39,8.71,6.0,8.0,LV63,2.5,2000.0,10000.0,Floral,Viscous,N/A,Colorless,Clear,Hazy,F,8.60,12.90,105,145,100,140,8.6,,,0.0,100.0,0.0,10.0,0.0,10.0,single point avg,1.0,2.0,,,,,,
312,LQSP-PSHY-RT,LQ PL Hydrating Spray RT,8.19,8.51,7.0,9.0,N/A,N/A,,,"Herbaceous, Fresh",Water Thin,N/A,Colorless,Clear,Slightly Hazy,F,1.45,2.17,N/A,N/A,N/A,N/A,8.35,,,0.0,100.0,0.0,10.0,0.0,10.0,single point avg,1.0,2.0,,,,,,
313,LQSP-PSSY-RT,LQ PS Quick-Dry Styling Spray RT,,,7.0,9.0,N/A,N/A,,,"Herbaceous, Fresh",Water Thin,White,Off White,N/A,Opaque,F,3.69,5.53,N/A,N/A,N/A,N/A,8.34,,,0.0,100.0,0.0,10.0,0.0,10.0,single point avg,1.0,2.0,,,,,,
314,LQSP-PSSY-RT-R2,LQ PS Quick-Dry Styling Spray RT R2,7.8984,8.7299,7.0,9.0,,,,,"Herbaceous, Fresh",Water-Thin,Colorless,Blue Hue,Clear,Hazy,F,1.911,3.549,,,,,8.3142,Ref: BW-004-080,Yes,,,,,,,,,,,,,,,
315,LQSP-RF,LQ NP Fresh & Soothing Refresh Spray,8.14,8.46,6.0,8.0,N/A,N/A,,,Floral,Water Thin,Colorless,Pale Yellow,Clear,Hazy,F,7.57,11.35,N/A,N/A,N/A,N/A,8.3,,,0.0,100.0,0.0,10.0,0.0,10.0,single point avg,1.0,2.0,,,,,,
316,LQSP-RNSH,LQ Spa Lavish Renew Shampoo,8.49,8.81,6.0,7.0,LV63,2.5,8000.0,19000.0,Floral,Liquid,N/A,Orange,N/A,Opaque,F,16.70,25.04,140,180,135,175,8.6,,,0.0,100.0,0.0,10.0,0.0,10.0,single point avg,1.0,2.0,,,,,,
317,LQSP-RNSH-RT,LQ Spa Lavish Renew Shampoo Retail,8.48,8.8,6.0,7.0,LV63,2.5,8000.0,27000.0,Floral,Liquid,N/A,Orange,N/A,Opaque,F,13.11,19.67,135,175,130,170,8.6,,,0.0,100.0,0.0,10.0,0.0,10.0,single point avg,1.0,2.0,,,,,,
318,LQSP-RNSP,LQ Spa Lavish Renew Deod Spray,8.13,8.45,2.0,4.5,N/A,N/A,,,Fruity,Water Thin,N/A,Orange,Clear,Hazy,F,2.71,4.07,N/A,N/A,N/A,N/A,8.3,,,0.0,100.0,0.0,10.0,0.0,10.0,single point avg,1.0,2.0,,,,,,
319,LQSP-RS,SP Rose Water,8.3,8.4,6.0,8.0,N/A,,,,"Floral, Rose","Clear, water-thin liquid",N/A,colorless,N/A,clear,P,0.25,1,N/A,N/A,N/A,N/A,8.3501,5/1/2023 10:56,,0.0,100.0,0.0,10.0,0.0,10.0,single point avg,1.0,2.0,,,,,,
320,LQSP-SBLA,F&S Long Lasting- Lavender Escape Deodorizing Spray,7.9026,8.7344,6.63,8.63,,,,,Herbaceous,Water-Thin Liquid,Colorless,Colorless,Clear,Hazy,L,2.28,3.42,,,,,8.3185,NB Ref: SH-002-052,,0.0,100.0,0.0,10.0,0.0,10.0,,,,,,,,,
321,LQSP-SBSSU,F&S Long Lasting- Sweet Summer Deodorizing Spray,7.8993,8.7309,6.5,8.5,,,,,"Fruity, Floral",Water-Thin Liquid,Colorless,Colorless,Clear,Hazy,L,2.09,3.13,,,,,8.3151,NB Ref: SH-002-050,,0.0,100.0,0.0,10.0,0.0,10.0,,,,,,,,,
322,LQSP-SBTZ,F&S Long Lasting- Tropical Breeze Deodorizing Spray,7.901,8.7326,6.0,8.5,,,,,"Fruity, Floral",Water-Thin Liquid,Colorless,Slightly Yellow,Clear,Hazy,L,2.51,3.77,,,,,8.3168,NB Ref: SH-002-067,,0.0,100.0,0.0,10.0,0.0,10.0,,,,,,,,,
323,LQSP-SW,LQ SP Spring Showers SOM Mar/Apr,8.09,8.43,6.0,8.0,N/A,N/A,,,Fresh Rain ,Water-Thin Liquid,Colorless,Yellow,Clear,Hazy,P,0.68,1.26,,,,,,,,0.0,100.0,0.0,10.0,0.0,10.0,single point avg,1.0,2.0,,,,,,
324,LQSP-TR,LQ TC Tangle Remover,7.862,8.69,6.0,8.0,,,,,Floral ,Water Thin,Colorless,Yellow,Clear,Hazy,L,1.393,2.587,,,,,8.2758,Ref: BW-004-079,,,,,,,,,,,,,,,,
325,LQSP-TSSH,LQ Spa Lavish Tear Stain Remover,8.38,8.7,6.5,7.5,LV63,2.5,4500.0,10000.0,Floral,Liquid,N/A,Blue,N/A,Opaque,F,12.50,18.74,90,130,85,125,8.6,,,0.0,100.0,0.0,10.0,0.0,10.0,single point avg,1.0,2.0,,,,,,
326,LQSP-TXRF,LQ Spray Texture Theory Refresher,8.2,8.4,5.0,6.0,N/A,N/A,,,"Fresh, Berry",Water Thin,N/A,Colorless,Clear,Hazy,F,4,7,N/A,N/A,N/A,N/A,8.32798,,,0.0,100.0,0.0,10.0,0.0,10.0,single point avg,1.0,2.0,,,,,,
327,LQSP-VMOC,LQ-Oral Care Spray Vanilla Mint for Dogs,8.49,8.81,3.0,4.5,N/A,N/A,,,"Gourmand, Fresh",Water Thin,Colorless,Pale Yellow,Clear,Clear,P,15.76,23.64,N/A,N/A,N/A,N/A,,,,0.0,100.0,0.0,10.0,0.0,10.0,single point avg,1.0,2.0,,,,,,
328,LQSP-WA,SP Watermelon,8.3,8.4,6.0,8.0,N/A,,,,"Sweet, Watermelon",water-thin liquid,colorless,light blue,clear,opaque,P,0.5,1,N/A,N/A,N/A,N/A,8.3505,NB number ARD-001-062,,0.0,100.0,0.0,10.0,0.0,10.0,single point avg,1.0,2.0,,,,,,
329,LQSP-WCSH,LQ Spa Lavish White Coat Shampoo,8.48,8.8,5.0,7.5,LV63,2.5,8000.0,25000.0,Floral,Viscous,N/A,"Dark Blue, Pearlescent",N/A,Opaque,F,16.26,24.40,135,175,130,170,8.6,,,0.0,100.0,0.0,10.0,0.0,10.0,single point avg,1.0,2.0,,,,,,
330,LQSP-WCSH-RT,LQ Spa Lavish White Coat Shampoo Retail,8.49,8.81,5.0,7.5,LV63,2.5,10000.0,26000.0,Floral,Viscous,N/A,"Dark Blue, Pearlescent",N/A,Opaque,F,13.72,20.58,145,185,135,175,8.6,,,0.0,100.0,0.0,10.0,0.0,10.0,single point avg,1.0,2.0,,,,,,
331,LQSP-YF,LQ Spray Essentials - Yuzu Fruit,8.18,8.52,6.0,8.0,N/A,N/A,,,"Citrus, Sweet",Water Thin,Colorless,Yellow,Clear,Hazy,F,1.2,2.3,N/A,N/A,N/A,N/A,8.3579,,,0.0,100.0,0.0,10.0,0.0,10.0,single point avg,1.0,2.0,,,,,,
332,LQ-TEST,LQ FT Home & Pet Spray R2,8.17,8.49,6.5,8.0,N/A,N/A,0.0,0.0,"Wood, Herbaceous",Water Thin,Colorless,Orange,Clear,Hazy,F,2.94,4.42,N/A,N/A,N/A,N/A,8.3,,,0.0,100.0,0.0,10.0,0.0,10.0,single point avg,1.0,2.0,,,,,,
333,LQTR-AFEC,LQ TropiClean Alcohol Free Ear Cleaner,8.28,8.6,1.6,3.0,N/A,N/A,,,Gourmand,Water Thin,N/A,Colorless,Clear,Clear,F,1.70,2.56,N/A,N/A,N/A,N/A,,,,0.0,100.0,0.0,10.0,0.0,10.0,single point avg,1.0,2.0,,,,,,
334,LQTR-ALSH,LQ TR Aloe and Coconut Shampoo,8.52,8.84,6.0,8.0,LV63,2.5,10000.0,30000.0,Fruity,Viscous,Colorless,Pale Yellow,Clear,Hazy,F,15.49,23.23,125,165,120,160,8.6,,,0.0,100.0,0.0,10.0,0.0,10.0,single point avg,1.0,2.0,,,,,,
335,LQTR-ALSH-RT,LQ TR Aloe and Coconut Shampoo Retail,8.52,8.84,6.0,8.0,LV63,2.5,8000.0,17000.0,Fruity,Viscous,Colorless,Pale Yellow,Clear,Hazy,F,11.22,16.82,135,175,125,165,8.6,,,0.0,100.0,0.0,10.0,0.0,10.0,single point avg,1.0,2.0,,,,,,
336,LQTR-AWSH,LQ TR Awapuhi and Coconut Shampoo,8.52,8.84,6.0,8.0,LV63,2.5,9000.0,26000.0,"Floral, Fruity",Viscous,Blue,Purple,Clear,Opaque,F,15.43,23.15,135,175,125,165,8.6,,,0.0,100.0,0.0,10.0,0.0,10.0,single point avg,1.0,2.0,,,,,,
337,LQTR-AWSH-RT,LQ TR Awapuhi and Coconut Shampoo Retail,8.33,8.73,5.5,7.5,LV63,2.5,8000.0,15000.0,Fruity,Viscous,Blue,Purple,,,F,,,,,,,8.6,,,0.0,100.0,0.0,10.0,0.0,10.0,single point avg,1.0,2.0,,,,,,
338,LQTR-BESH,LQ TropiClean Berry & Coconut Shampoo,8.5,8.82,6.0,8.0,LV63,2.5,10000.0,27000.0,Fruity,Viscous,N/A,Colorless,Clear,Hazy,F,14.10,21.14,135,175,125,165,8.6,,,0.0,100.0,0.0,10.0,0.0,10.0,single point avg,1.0,2.0,,,,,,
339,LQTR-BESH-RT,LQ Trop Berry & Coconut Shampoo Retail,8.49,8.81,6.0,8.0,LV63,2.5,6000.0,18000.0,Fruity,Viscous,N/A,Colorless,Clear,Hazy,F,10.78,16.16,130,170,120,160,8.6,,,0.0,100.0,0.0,10.0,0.0,10.0,single point avg,1.0,2.0,,,,,,
340,LQTR-BESP,LQ TR Berry Breeze Deod Spray,8.11,8.43,6.0,8.0,N/A,N/A,,,Fruity,Water Thin,Colorless,Pale Yellow,Clear,Hazy,F,0.67,1.01,N/A,N/A,N/A,N/A,8.3,,,0.0,100.0,0.0,10.0,0.0,10.0,single point avg,1.0,2.0,,,,,,
341,LQTR-BYSP,LQ TR Baby Powder Deod Spray,8.12,8.44,6.0,8.0,N/A,N/A,,,Floral,Water Thin,Colorless,Orange,Clear,Hazy,F,1.40,2.10,N/A,N/A,N/A,N/A,8.3,,,0.0,100.0,0.0,10.0,0.0,10.0,single point avg,1.0,2.0,,,,,,
342,LQTR-DAEC,LQ TR Dual Action Ear Cleaner,8.13,8.45,1.6,3.0,N/A,N/A,,,Gourmand,Water Thin,N/A,Colorless,Clear,Hazy,F,5.50,8.26,N/A,N/A,N/A,N/A,8.1,,,0.0,100.0,0.0,10.0,0.0,10.0,single point avg,1.0,2.0,,,,,,
343,LQTR-DCWS,LQ TR Deep Cleansing WL Sh Dog/Cats,8.16,8.48,6.0,8.0,N/A,N/A,,,Fruity,Water Thin,N/A,Colorless,Clear,Hazy,F,0.44,0.66,N/A,N/A,N/A,N/A,,,,0.0,100.0,0.0,10.0,0.0,10.0,single point avg,1.0,2.0,,,,,,
344,LQTR-DRWS,LQ Dander Reducing Waterless Shampo-Cats,8.16,8.48,6.0,8.0,N/A,N/A,,,Fruity,Water Thin,N/A,Colorless,Clear,Hazy,F,0.53,0.79,N/A,N/A,N/A,N/A,,,,0.0,100.0,0.0,10.0,0.0,10.0,single point avg,1.0,2.0,,,,,,
345,LQTR-FCWS,LQ TR Facial Cleanser WL Shampoo-Dogs,8.18,8.5,6.0,8.0,N/A,N/A,,,Gourmand,Water Thin,N/A,Colorless,Clear,Hazy,F,3.01,4.51,N/A,N/A,N/A,N/A,,,,0.0,100.0,0.0,10.0,0.0,10.0,single point avg,1.0,2.0,,,,,,
346,LQTR-FUSP,LQ TR Freshen Up Deodorizing Pet Spray,8.14,8.46,6.0,8.0,N/A,N/A,,,Fruity,Water Thin,N/A,Colorless,Clear,Hazy,F,2.78,4.16,N/A,N/A,N/A,N/A,8.3,,,0.0,100.0,0.0,10.0,0.0,10.0,single point avg,1.0,2.0,,,,,,
347,LQTR-GNSH,LQ TR Gentle Coconut Puppy Shampoo,8.51,8.83,6.0,8.0,LV63,2.5,10000.0,26000.0,Fruity,Viscous,Colorless,Pink,Clear,Hazy,F,15.24,22.86,125,165,115,155,8.6,,,0.0,100.0,0.0,10.0,0.0,10.0,single point avg,1.0,2.0,,,,,,
348,LQTR-GNSH-RT,LQ TR Gentle Coconut Puppy Shampoo - RT,8.52,8.84,6.0,8.0,LV63,2.5,9000.0,18000.0,Fruity,Viscous,N/A,Colorless,Clear,Hazy,F,11.28,16.92,135,175,125,165,8.6,,,0.0,100.0,0.0,10.0,0.0,10.0,single point avg,1.0,2.0,,,,,,
349,LQTR-HAWS,LQ TR Hypo-Allergenic Waterless Shampoo,8.16,8.48,6.0,8.0,N/A,N/A,,,Fruity,Water Thin,N/A,Colorless,Clear,Hazy,F,0.57,0.85,N/A,N/A,N/A,N/A,,,,0.0,100.0,0.0,10.0,0.0,10.0,single point avg,1.0,2.0,,,,,,
350,LQTR-KBSP,LQ TR Kiwi Blossom Deod Spray,8.11,8.43,6.0,8.0,N/A,N/A,,,"Floral, Fruity",Water Thin,Colorless,Yellow,Clear,Hazy,F,0.54,0.82,N/A,N/A,N/A,N/A,8.3,,,0.0,100.0,0.0,10.0,0.0,10.0,single point avg,1.0,2.0,,,,,,
351,LQTR-KWCD,LQ TR Kiwi and Cocoa Butter Conditioner,8.1,8.42,4.0,6.5,LV63,2.5,11000.0,24000.0,"Gourmand, Fruity",Viscous,White,Off White,N/A,Opaque,F,4.18,6.26,N/A,N/A,N/A,N/A,8.3,,,0.0,100.0,0.0,10.0,0.0,10.0,single point avg,1.0,2.0,,,,,,
352,LQTR-LMCD,LQ Trop. Lime & Cocoa Butter Conditioner,7.91,8.41,3.5,6.0,LV63,2.5,10000.0,20000.0,Fruity,Viscous,N/A,White,,Opaque,F,,,,,,,8.3,,,0.0,100.0,0.0,10.0,0.0,10.0,single point avg,1.0,2.0,,,,,,
353,LQTR-LMSH,LQ TropiClean Lime & Coconut Shampoo,8.48,8.8,4.5,6.5,LV63,2.5,10000.0,27000.0,"Citrus, Fruity",Viscous,N/A,Colorless,Clear,Hazy,F,14.85,22.27,140,180,130,170,8.6,,,0.0,100.0,0.0,10.0,0.0,10.0,single point avg,1.0,2.0,,,,,,
354,LQTR-LMSH-RT,LQ TropiClean Lime & Coconut Sh Retail,8.45,8.77,4.5,6.5,LV63,2.5,5000.0,15000.0,"Citrus, Fruity",Viscous,N/A,Colorless,Clear,Hazy,F,9.82,14.74,130,170,120,160,8.6,,,0.0,100.0,0.0,10.0,0.0,10.0,single point avg,1.0,2.0,,,,,,
355,LQTR-LMSP,LQ Tropiclean Lime & Coconut Deod Spray,8.11,8.43,6.0,8.0,N/A,N/A,,,"Fruity, Citrus",Water Thin,Colorless,Yellow,Clear,Hazy,F,1.70,2.56,N/A,N/A,N/A,N/A,8.3,8/7/2023 16:51,,0.0,100.0,0.0,10.0,0.0,10.0,single point avg,1.0,2.0,,,,,,
356,LQTR-NCSH,LQ TR Neem Citrus Shampoo,8.51,8.83,6.0,8.0,LV61,2.5,1.0,3000.0,Citrus,Viscous,Colorless,Yellow,Clear,Hazy,F,19.09,28.63,140,180,130,170,8.67,7/19/2023 8:04,,0.0,100.0,0.0,10.0,0.0,10.0,single point avg,1.0,2.0,,,,,,
357,LQTR-NCSH-RT,LQ TR Neem Citrus Shampoo Retail,8.43,8.75,6.0,8.0,LV61,2.5,1.0,3000.0,Citrus,Viscous,N/A,Colorless,Clear,Hazy,F,16.23,24.35,140,180,130,170,8.67,,,0.0,100.0,0.0,10.0,0.0,10.0,single point avg,1.0,2.0,,,,,,
358,LQTR-PPSP,LQ Tropiclean Pure Plum Deod Spray,8.12,8.44,6.0,8.0,N/A,N/A,,,Fruity,Water Thin,Colorless,Yellow,Clear,Hazy,F,1.32,1.98,N/A,N/A,N/A,N/A,8.3,,,0.0,100.0,0.0,10.0,0.0,10.0,single point avg,1.0,2.0,,,,,,
359,LQTR-PYSH,LQ TropiClean Papaya Coconut Shampoo,8.51,8.83,6.0,8.0,LV63,2.5,14000.0,25000.0,Fruity,Viscous,Colorless,Yellow,Clear,Hazy,F,15.38,23.06,145,185,130,170,8.6,,,0.0,100.0,0.0,10.0,0.0,10.0,single point avg,1.0,2.0,,,,,,
360,LQTR-PYSH-RT,LQ TR Papaya & Coconut Shampoo Retail,8.52,8.84,6.0,8.0,LV63,2.5,6000.0,14000.0,Fruity,Viscous,Colorless,Yellow,Clear,Hazy,F,10.76,16.14,130,170,125,165,8.6,,,0.0,100.0,0.0,10.0,0.0,10.0,single point avg,1.0,2.0,,,,,,
361,LQTR-PYSP,LQ TropiClean Papaya Mist Deod Spray,8.12,8.44,6.0,8.0,N/A,N/A,,,Fruity,Water Thin,N/A,Colorless,Clear,Hazy,F,1.81,2.71,N/A,N/A,N/A,N/A,8.3,,,0.0,100.0,0.0,10.0,0.0,10.0,single point avg,1.0,2.0,,,,,,
362,LQTR-PYWS,LQ TR Papaya & Coconut Waterless Sh-Pets,8.17,8.49,6.0,8.0,N/A,N/A,,,Fruity,Water Thin,N/A,Colorless,Clear,Hazy,F,1.09,1.63,N/A,N/A,N/A,N/A,,,,0.0,100.0,0.0,10.0,0.0,10.0,single point avg,1.0,2.0,,,,,,
363,LQTR-SADT,LQ Stay Away Chew Deterrent,8.18,8.5,6.5,9.0,N/A,N/A,,,Characteristic,Water Thin,N/A,Colorless,Clear,Hazy,F,0.14,0.22,N/A,N/A,N/A,N/A,8.3,,,0.0,100.0,0.0,10.0,0.0,10.0,single point avg,1.0,2.0,,,,,,
364,LQTR-TRSP,LQ TropiCleanTangle Remover,8.17,8.49,6.0,8.0,N/A,N/A,,,Floral,Water Thin,White,Off White,N/A,Opaque,F,1.46,2.20,N/A,N/A,N/A,N/A,8.3,,,0.0,100.0,0.0,10.0,0.0,10.0,single point avg,1.0,2.0,,,,,,
365,LQTR-TTSH,LQ TropiClean Oatmeal & Tea Tree Shampoo,8.51,8.83,3.0,4.5,LV63,2.5,6000.0,13000.0,Herbaceous,Viscous,Colorless,Yellow,Clear,Hazy,F,16.42,24.62,140,180,130,170,8.6,,,0.0,100.0,0.0,10.0,0.0,10.0,single point avg,1.0,2.0,,,,,,
366,LQTR-TTSH-RT,TropiClean Oatmeal & Tea Tree Sh Retail,8.48,8.8,3.0,4.5,LV63,2.5,5000.0,12000.0,Herbaceous,Viscous,Colorless,Yellow,Clear,Hazy,F,12.87,19.31,140,180,135,175,8.6,,,0.0,100.0,0.0,10.0,0.0,10.0,single point avg,1.0,2.0,,,,,,
367,LQWA-AW,LQ Adv Whitening WA-USA,8.44,8.76,3.0,4.0,,,,,No Added Flavor,Water Thin,Colorless,Pale Yellow,Clear,Clear,L,10,15,,,,,8.576,Ref: SH-003-076,,,,,,,,,,,,,,,,
368,LQWA-BASE,LQ Water Additive BASE,8.41,8.73,3.0,4.0,,,,,No Added Fragrance,Water Thin,Colorless,Pale Yellow,Clear,Clear,L,9.6,14.4,,,,,8.5524,Ref: SH-003-072,,,,,,,,,,,,,,,,
369,LQWA-CA,LQ Water Additive Dogs/Cat Canada,8.47,8.79,3.0,4.0,,,,,No Added Flavor,Water Thin,Colorless,Pale Yellow,Clear,Clear,L,10.08,15.12,,,,,8.6047,Ref: SH-003-074,,,,,,,,,,,,,,,,
370,LQWA-CKBB,LQ Water Additive Chicken Bone Broth ,8.204,9.06,3.0,4.0,,,,,Rotisserie Chicken ,Water-Thin,Yellow,Pale Yellow,Clear,Hazy ,L,8.88,16.8,N/A,N/A,N/A,N/A,8.6362,Ref: BW-006-057,8.6362,,,,,,,,,,,,,,,
371,LQWA-DG,LQ WA +Digestive Support,8.42,8.74,3.0,4.0,,,,,No Added Flavor,"Water Thin, Slight Sedimentation",Pale Yellow,Yellow,Clear,Clear,L,10,15,,,,,8.613,Ref: SH-003-079,,,,,,,,,,,,,,,,
372,LQWA-HJ,LQ WA + Hip & Joint Support,8.46,8.78,3.0,4.0,,,,,No Added Flavor,Water Thin,Pale Yellow,Yellow,Clear,Clear,L,10.96,16.44,,,,,8.6284,Ref: SH-003-132,,,,,,,,,,,,,,,,
373,LQWA-HJ-CA,LQ WA +Hip & Joint Support for Dogs CAN,8.48,8.8,3.0,4.0,,,,,No Added Flavor,Water Thin,Pale Yellow,Yellow,Clear,Clear,L,10.96,16.44,,,,,8.6304,Ref: SH-003-133,,,,,,,,,,,,,,,,
374,LQWA-PP,LQ WA Adv Whitening(CAN)& Puppy(hybrid),8.44,8.76,3.0,4.0,,,,,No Added Flavor,Water Thin,Colorless,Pale Yellow,Clear,Clear,L,10,15,,,,,8.6119,Ref: SH-003-075,,,,,,,,,,,,,,,,
375,LQWA-SC,LQ WA Support Skin Health,8.43,8.75,3.0,4.0,,,,,No Added Flavor,Water Thin,Pale Yellow,Yellow,Clear,Clear,L,10.32,15.48,,,,,8.6206,Ref: SH-003-134,,,,,,,,,,,,,,,,
376,LQWA-UTI,LQ WA Urinary Support,8.591,8.677,3.25,4.25,,,,,No Added Flavor,Water Thin,Colorless,Yellow,N/A,Clear,L,9.156,17.004,,,,,8.6338,Ref: BW-005-094,,,,,,,,,,,,,,,,
377,XFM157,Allerpet Allerpets Formula,7.497,9.16,4.5,5.5,,,,,N/A,"Light, milky white liquid w/ low viscosity",N/A,N/A,N/A,N/A,F,0.2,0.6,N/A,N/A,N/A,N/A,8.3,Ref: BW-006-057,8.3,,,,,,,,,,,,,,,
378,XFM53,LQ Chew Deterent Pet/Home Spray,8.1214,8.3414,3.5,4.2,N/a,N/a,,,"Spicy, Floral",Water Thin,Light Orange,Dark Orange,Clear,Clear,L,1.08,2.08,N/a,N/a,N/a,N/a,8.2714,NB ref: CK-008-040,,,,,,,,,,,,,,,,
379,XFM54,LQ Chew Deterent Home Spray,8.1174,8.4174,3.5,4.2,N/a,N/a,,,"Citrus, Floral, Spice",Water Thin,Light Orange,Dark Orange,Clear,Clear,L,0.82,1.82,N/a,N/a,N/a,N/a,8.2674,NB ref: CK-008-046,,,,,,,,,,,,,,,,
380,XFM65,EnduraScent Spray Base,7.853,8.68,7.0,9.0,,,,,characteristic,water-thin liquid ,Colorless,Colorless,Clear,Clear,L,0.576,0.864,,,,,8.2665,NB ref: SH-002-112,8.2665,0.0,100.0,0.0,10.0,0.0,10.0,single point avg,1.0,2.0,,,,,,
381,XFM85,Enzymatic Oral Gel,8.4306,8.7306,3.5,4.5,64,30,3458.0,6422.0,Rotisserie Chicken,Viscous Gel,Tan,Brown,Hazy,Opaque,F,0,0,,,,,8.5806,Ref: CK-010-136,Yes,,,,,,,,,,,,,,,
